Author,Cancer,Cell Line,Coumarin,Dose,Time,Viability,SD,Unit
Chou 2007,cervix,Hela,Osthole,13.0,48h,96.0,± 6,µM
Chou 2007,cervix,Hela,Osthole,25.0,48h,84.0,± 9,µM
Chou 2007,cervix,Hela,Osthole,50.0,48h,63.0,± 9,µM
Chou 2007,cervix,Hela,Osthole,100.0,48h,20.0,± 10,µM
Chou 2007,cervix,Hela,Osthole,200.0,48h,0.0,± 0,µM
Chou 2007,cervix,Hela,Osthole,13.0,24h,100.0,± 2,µM
Chou 2007,cervix,Hela,Osthole,25.0,24h,100.0,± 0,µM
Chou 2007,cervix,Hela,Osthole,50.0,24h,100.0,± 0,µM
Chou 2007,cervix,Hela,Osthole,100.0,24h,86.0,± 1,µM
Chou 2007,cervix,Hela,Osthole,200.0,24h,8.0,± 0,µM
Jiang 2016,ovarian,A2780,Osthole,20.0,48h,72.0,± 5,µM
Jiang 2016,ovarian,A2780,Osthole,40.0,48h,58.0,± 5,µM
Jiang 2016,ovarian,A2780,Osthole,80.0,48h,43.0,± 3,µM
Jiang 2016,ovarian,A2780,Osthole,120.0,48h,30.0,± 3,µM
Jiang 2016,ovarian,A2780,Osthole,160.0,48h,22.0,± 3,µM
Jiang 2016,ovarian,A2780,Osthole,200.0,48h,17.0,± 3,µM
Jiang 2016,ovarian,A2780,Osthole,20.0,24h,91.0,± 3,µM
Jiang 2016,ovarian,A2780,Osthole,40.0,24h,80.0,± 3,µM
Jiang 2016,ovarian,A2780,Osthole,80.0,24h,71.0,± 0,µM
Jiang 2016,ovarian,A2780,Osthole,120.0,24h,55.0,± 5,µM
Jiang 2016,ovarian,A2780,Osthole,160.0,24h,39.0,± 5,µM
Jiang 2016,ovarian,A2780,Osthole,200.0,24h,27.0,± 3,µM
Liu 2022,breast,MDA-MB-231,Osthole,0.1,48h,100.8,± 6,µM
Liu 2022,breast,MDA-MB-231,Osthole,1.0,48h,99.5,± 6,µM
Liu 2022,breast,MDA-MB-231,Osthole,5.0,48h,97.5,± 6,µM
Liu 2022,breast,MDA-MB-231,Osthole,10.0,48h,96.2,± 6,µM
Liu 2022,breast,MDA-MB-231,Osthole,20.0,48h,88.7,± 6,µM
Liu 2022,breast,MDA-MB-231,Osthole,50.0,48h,65.5,± 6,µM
Liu 2022,breast,MDA-MB-231,Osthole,100.0,48h,42.4,± 6,µM
Liu 2022,breast,MDA-MB-231,Osthole,50.0,12h,94.0,± 6,µM
Liu 2022,breast,MDA-MB-231,Osthole,50.0,24h,85.0,± 6,µM
Liu 2022,breast,MDA-MB-231,Osthole,50.0,72h,52.0,± 5,µM
Yang 2010,breast,MDA-MB-231,Osthole,20.0,24h,94.6,± 4,µM
Yang 2010,breast,MDA-MB-231,Osthole,40.0,24h,92.6,± 8,µM
Yang 2010,breast,MDA-MB-231,Osthole,60.0,24h,92.6,± 8,µM
Yang 2010,breast,MDA-MB-231,Osthole,80.0,24h,91.2,± 7,µM
Yang 2010,breast,MDA-MB-231,Osthole,100.0,24h,90.7,± 8,µM
Yang 2010,breast,MCF-7,Osthole,20.0,24h,98.1,± 2,µM
Yang 2010,breast,MCF-7,Osthole,40.0,24h,96.2,± 2,µM
Yang 2010,breast,MCF-7,Osthole,60.0,24h,93.2,± 1,µM
Yang 2010,breast,MCF-7,Osthole,80.0,24h,94.7,± 2.5,µM
Yang 2010,breast,MCF-7,Osthole,100.0,24h,87.9,± 0.5,µM
Yu-ching Wen 2015,prostate,PC3,Osthole,0.0,24h,100.0,± 6,µM
Yu-ching Wen 2015,prostate,PC3,Osthole,20.0,24h,102.0,± 10,µM
Yu-ching Wen 2015,prostate,PC3,Osthole,40.0,24h,109.0,± 7,µM
Yu-ching Wen 2015,prostate,PC3,Osthole,60.0,24h,101.6,± 9,µM
Yu-ching Wen 2015,prostate,PC3,Osthole,80.0,24h,90.4,± 3,µM
Yu-ching Wen 2015,prostate,Du145,Osthole,0.0,24h,101.0,± 5,µM
Yu-ching Wen 2015,prostate,Du145,Osthole,20.0,24h,99.0,± 1,µM
Yu-ching Wen 2015,prostate,Du145,Osthole,40.0,24h,97.0,± 1,µM
Yu-ching Wen 2015,prostate,Du145,Osthole,60.0,24h,97.5,± 3,µM
Yu-ching Wen 2015,prostate,Du145,Osthole,80.0,24h,95.3,± 2,µM
YILIN CHE 2018,cervix,Hela,Osthole,0.0,24h,100.0,± 0,µM
YILIN CHE 2018,cervix,Hela,Osthole,40.0,24h,92.6,± 4,µM
YILIN CHE 2018,cervix,Hela,Osthole,80.0,24h,87.0,± 2,µM
YILIN CHE 2018,cervix,Hela,Osthole,120.0,24h,63.0,± 3,µM
YILIN CHE 2018,cervix,Hela,Osthole,160.0,24h,49.4,± 2,µM
YILIN CHE 2018,cervix,Hela,Osthole,200.0,24h,40.5,± 3,µM
YILIN CHE 2018,cervix,Hela,Osthole,0.0,48h,100.0,± 0,µM
YILIN CHE 2018,cervix,Hela,Osthole,40.0,48h,96.7,± 3,µM
YILIN CHE 2018,cervix,Hela,Osthole,80.0,48h,73.4,± 4,µM
YILIN CHE 2018,cervix,Hela,Osthole,120.0,48h,41.0,± 3,µM
YILIN CHE 2018,cervix,Hela,Osthole,160.0,48h,20.0,± 2,µM
YILIN CHE 2018,cervix,Hela,Osthole,200.0,48h,17.0,± 0,µM
YILIN CHE 2018,uterine,SiHa,Osthole,0.0,24h,100.0,± 0,µM
YILIN CHE 2018,uterine,SiHa,Osthole,40.0,24h,93.3,± 4,µM
YILIN CHE 2018,uterine,SiHa,Osthole,80.0,24h,83.0,± 2,µM
YILIN CHE 2018,uterine,SiHa,Osthole,120.0,24h,65.2,± 0,µM
YILIN CHE 2018,uterine,SiHa,Osthole,160.0,24h,42.6,± 0,µM
YILIN CHE 2018,uterine,SiHa,Osthole,200.0,24h,33.6,± 2,µM
YILIN CHE 2018,cervix,SiHa,Osthole,0.0,48h,100.0,± 0,µM
YILIN CHE 2018,cervix,SiHa,Osthole,40.0,48h,81.6,± 4,µM
YILIN CHE 2018,cervix,SiHa,Osthole,80.0,48h,70.0,± 5,µM
YILIN CHE 2018,cervix,SiHa,Osthole,120.0,48h,47.3,± 4,µM
YILIN CHE 2018,cervix,SiHa,Osthole,160.0,48h,33.0,± 3,µM
YILIN CHE 2018,cervix,SiHa,Osthole,200.0,48h,22.0,± 0,µM
YILIN CHE 2018,cervix,C-33A,Osthole,0.0,24h,100.0,± 0,µM
YILIN CHE 2018,cervix,C-33A,Osthole,40.0,24h,87.5,± 4,µM
YILIN CHE 2018,cervix,C-33A,Osthole,80.0,24h,80.5,± 5,µM
YILIN CHE 2018,cervix,C-33A,Osthole,120.0,24h,70.6,± 5,µM
YILIN CHE 2018,cervix,C-33A,Osthole,160.0,24h,43.0,± 4,µM
YILIN CHE 2018,cervix,C-33A,Osthole,200.0,24h,31.0,± 4,µM
YILIN CHE 2018,cervix,C-33A,Osthole,0.0,48h,100.0,± 0,µM
YILIN CHE 2018,cervix,C-33A,Osthole,40.0,48h,76.4,± 5,µM
YILIN CHE 2018,cervix,C-33A,Osthole,80.0,48h,67.8,± 0,µM
YILIN CHE 2018,cervix,C-33A,Osthole,120.0,48h,43.8,± 0,µM
YILIN CHE 2018,cervix,C-33A,Osthole,160.0,48h,25.4,± 2,µM
YILIN CHE 2018,cervix,C-33A,Osthole,200.0,48h,19.0,± 3,µM
YILIN CHE 2018,cervix,CaSki,Osthole,0.0,24h,100.0,± 0,µM
YILIN CHE 2018,cervix,CaSki,Osthole,40.0,24h,94.0,± 2,µM
YILIN CHE 2018,cervix,CaSki,Osthole,80.0,24h,83.3,± 3,µM
YILIN CHE 2018,cervix,CaSki,Osthole,120.0,24h,54.4,± 5,µM
YILIN CHE 2018,cervix,CaSki,Osthole,160.0,24h,34.6,± 1,µM
YILIN CHE 2018,cervix,CaSki,Osthole,200.0,24h,34.6,± 0,µM
YILIN CHE 2018,cervix,CaSki,Osthole,0.0,48h,100.0,± 0,µM
YILIN CHE 2018,cervix,CaSki,Osthole,40.0,48h,79.0,± 5,µM
YILIN CHE 2018,cervix,CaSki,Osthole,80.0,48h,62.0,± 4,µM
YILIN CHE 2018,cervix,CaSki,Osthole,120.0,48h,37.4,± 5,µM
YILIN CHE 2018,cervix,CaSki,Osthole,160.0,48h,21.9,± 4,µM
YILIN CHE 2018,cervix,CaSki,Osthole,200.0,48h,19.8,± 4,µM
Shang Jyh Kao 2012,lung,A549,Osthole,0.0,24h,101.0,± 11,µM
Shang Jyh Kao 2012,lung,A549,Osthole,20.0,24h,103.0,± 6,µM
Shang Jyh Kao 2012,lung,A549,Osthole,40.0,24h,97.1,± 9,µM
Shang Jyh Kao 2012,lung,A549,Osthole,60.0,24h,94.7,± 2,µM
Shang Jyh Kao 2012,lung,H1299,Osthole,0.0,24h,100.4,± 11,µM
Shang Jyh Kao 2012,lung,H1299,Osthole,20.0,24h,106.1,± 6,µM
Shang Jyh Kao 2012,lung,H1299,Osthole,40.0,24h,102.0,± 4,µM
Shang Jyh Kao 2012,lung,H1299,Osthole,60.0,24h,94.7,± 6,µM
Shang Jyh Kao 2012,lung,CL1-5,Osthole,0.0,24h,100.4,± 1,µM
Shang Jyh Kao 2012,lung,CL1-5,Osthole,20.0,24h,102.0,± 3,µM
Shang Jyh Kao 2012,lung,CL1-5,Osthole,40.0,24h,95.5,± 7,µM
Shang Jyh Kao 2012,lung,CL1-5,Osthole,60.0,24h,94.7,± 4,µM
Yunzhong Jiang 2023,bladder,5637,Osthole,25.0,24h,93.3,± 3,µM
Yunzhong Jiang 2023,bladder,5637,Osthole,50.0,24h,82.2,± 3,µM
Yunzhong Jiang 2023,bladder,5637,Osthole,75.0,24h,67.7,± 2,µM
Yunzhong Jiang 2023,bladder,5637,Osthole,100.0,24h,55.5,± 3,µM
Yunzhong Jiang 2023,bladder,5637,Osthole,125.0,24h,52.7,± 2,µM
Yunzhong Jiang 2023,bladder,5637,Osthole,150.0,24h,51.0,± 3,µM
Yunzhong Jiang 2023,bladder,5637,Osthole,175.0,24h,47.2,± 2,µM
Yunzhong Jiang 2023,bladder,5637,Osthole,200.0,24h,42.2,± 2,µM
Yunzhong Jiang 2023,bladder,5637,Osthole,25.0,48h,85.5,± 4,µM
Yunzhong Jiang 2023,bladder,5637,Osthole,50.0,48h,63.8,± 4,µM
Yunzhong Jiang 2023,bladder,5637,Osthole,75.0,48h,42.7,± 2,µM
Yunzhong Jiang 2023,bladder,5637,Osthole,100.0,48h,31.6,± 3,µM
Yunzhong Jiang 2023,bladder,5637,Osthole,125.0,48h,27.7,± 3,µM
Yunzhong Jiang 2023,bladder,5637,Osthole,150.0,48h,24.4,± 3,µM
Yunzhong Jiang 2023,bladder,5637,Osthole,175.0,48h,21.6,± 2,µM
Yunzhong Jiang 2023,bladder,5637,Osthole,200.0,48h,19.5,± 3,µM
Yunzhong Jiang 2023,bladder,253J,Osthole,25.0,24h,91.9,± 3,µM
Yunzhong Jiang 2023,bladder,253J,Osthole,50.0,24h,87.2,± 2,µM
Yunzhong Jiang 2023,bladder,253J,Osthole,75.0,24h,83.4,± 3,µM
Yunzhong Jiang 2023,bladder,253J,Osthole,100.0,24h,74.3,± 3,µM
Yunzhong Jiang 2023,bladder,253J,Osthole,125.0,24h,64.7,± 3,µM
Yunzhong Jiang 2023,bladder,253J,Osthole,150.0,24h,55.6,± 3,µM
Yunzhong Jiang 2023,bladder,253J,Osthole,175.0,24h,44.9,± 3,µM
Yunzhong Jiang 2023,bladder,253J,Osthole,200.0,24h,35.3,± 3,µM
Yunzhong Jiang 2023,bladder,253J,Osthole,25.0,48h,87.7,± 3,µM
Yunzhong Jiang 2023,bladder,253J,Osthole,50.0,48h,75.9,± 4,µM
Yunzhong Jiang 2023,bladder,253J,Osthole,75.0,48h,63.6,± 2,µM
Yunzhong Jiang 2023,bladder,253J,Osthole,100.0,48h,55.1,± 3,µM
Yunzhong Jiang 2023,bladder,253J,Osthole,125.0,48h,42.2,± 2,µM
Yunzhong Jiang 2023,bladder,253J,Osthole,150.0,48h,38.8,± 3,µM
Yunzhong Jiang 2023,bladder,253J,Osthole,175.0,48h,25.7,± 4,µM
Yunzhong Jiang 2023,bladder,253J,Osthole,200.0,48h,14.4,± 4,µM
LEI LIANG 2021,Endometrial ,JEC,Osthole,25.0,24h,92.0,±  0,µM
LEI LIANG 2021,Endometrial ,JEC,Osthole,50.0,24h,82.0,± 4,µM
LEI LIANG 2021,Endometrial ,JEC,Osthole,100.0,24h,67.0,± 5,µM
LEI LIANG 2021,Endometrial ,JEC,Osthole,200.0,24h,61.0,± 0,µM
LEI LIANG 2021,Endometrial ,JEC,Osthole,25.0,48h,78.8,± 4,µM
LEI LIANG 2021,Endometrial ,JEC,Osthole,50.0,48h,56.9,± 0,µM
LEI LIANG 2021,Endometrial ,JEC,Osthole,100.0,48h,48.8,± 3,µM
LEI LIANG 2021,Endometrial ,JEC,Osthole,200.0,48h,30.6,± 0,µM
LEI LIANG 2021,Endometrial ,JEC,Osthole,25.0,72h,60.0,± 7,µM
LEI LIANG 2021,Endometrial ,JEC,Osthole,50.0,72h,46.8,± 5,µM
LEI LIANG 2021,Endometrial ,JEC,Osthole,100.0,72h,35.0,± 0,µM
LEI LIANG 2021,Endometrial ,JEC,Osthole,200.0,72h,20.0,± 0,µM
LEI LIANG 2021,Endometrial ,KLE,Osthole,25.0,24h,96.9,± 0,µM
LEI LIANG 2021,Endometrial ,KLE,Osthole,50.0,24h,86.3,± 0,µM
LEI LIANG 2021,Endometrial ,KLE,Osthole,100.0,24h,68.8,± 7,µM
LEI LIANG 2021,Endometrial ,KLE,Osthole,200.0,24h,63.1,± 4,µM
LEI LIANG 2021,Endometrial ,KLE,Osthole,25.0,48h,91.3,± 0,µM
LEI LIANG 2021,Endometrial ,KLE,Osthole,50.0,48h,70.0,± 0,µM
LEI LIANG 2021,Endometrial ,KLE,Osthole,100.0,48h,57.5,± 5,µM
LEI LIANG 2021,Endometrial ,KLE,Osthole,200.0,48h,45.6,± 0,µM
LEI LIANG 2021,Endometrial ,KLE,Osthole,25.0,72h,76.8,± 5,µM
LEI LIANG 2021,Endometrial ,KLE,Osthole,50.0,72h,55.6,± 0,µM
LEI LIANG 2021,Endometrial ,KLE,Osthole,100.0,72h,45.0,± ,µM
LEI LIANG 2021,Endometrial ,KLE,Osthole,200.0,72h,31.9,± 5,µM
LEI LIANG 2021,Endometrial ,Ishikawa,Osthole,25.0,24h,92.1,± 0,µM
LEI LIANG 2021,Endometrial ,Ishikawa,Osthole,50.0,24h,84.3,± 0,µM
LEI LIANG 2021,Endometrial ,Ishikawa,Osthole,100.0,24h,72.0,± 2,µM
LEI LIANG 2021,Endometrial ,Ishikawa,Osthole,200.0,24h,68.0,± 3,µM
LEI LIANG 2021,Endometrial ,Ishikawa,Osthole,25.0,48h,86.2,± 0,µM
LEI LIANG 2021,Endometrial ,Ishikawa,Osthole,50.0,48h,76.1,± 2,µM
LEI LIANG 2021,Endometrial ,Ishikawa,Osthole,100.0,48h,49.7,± 2,µM
LEI LIANG 2021,Endometrial ,Ishikawa,Osthole,200.0,48h,37.1,± 0,µM
LEI LIANG 2021,Endometrial ,Ishikawa,Osthole,25.0,72h,76.1,± 0,µM
LEI LIANG 2021,Endometrial ,Ishikawa,Osthole,50.0,72h,57.2,± 3,µM
LEI LIANG 2021,Endometrial ,Ishikawa,Osthole,100.0,72h,40.3,± 0,µM
LEI LIANG 2021,Endometrial ,Ishikawa,Osthole,200.0,72h,28.3,± 0,µM
Cheng-Fang Tsai 2014,Glioblastoma,U251,Osthole,1.0,24h,81.4,± 3,µM
Cheng-Fang Tsai 2014,Glioblastoma,U251,Osthole,10.0,24h,73.1,± 4,µM
Cheng-Fang Tsai 2014,Glioblastoma,U251,Osthole,30.0,24h,48.3,± 0,µM
Cheng-Fang Tsai 2014,Oligodendroglioma,HS683,Osthole,1.0,24h,97.9,± 0,µM
Cheng-Fang Tsai 2014,Oligodendroglioma,HS683,Osthole,10.0,24h,86.2,± 5,µM
Cheng-Fang Tsai 2014,Oligodendroglioma,HS683,Osthole,30.0,24h,71.0,± 5,µM
XIAO-MAN XU 2012,lung,A549,Osthole,20.0,24h,91.5,± 1,µM
XIAO-MAN XU 2012,lung,A549,Osthole,40.0,24h,80.9,± 1,µM
XIAO-MAN XU 2012,lung,A549,Osthole,60.0,24h,73.0,± 2,µM
XIAO-MAN XU 2012,lung,A549,Osthole,80.0,24h,61.0,± 2,µM
VICTOR C HIA -HSIANG L IN 2010,breast,MDA-MB-231,Osthole,5.0,48h,97.7,± 3,µM
VICTOR C HIA -HSIANG L IN 2010,breast,MDA-MB-231,Osthole,10.0,48h,100.5,± 3,µM
VICTOR C HIA -HSIANG L IN 2010,breast,MDA-MB-231,Osthole,20.0,48h,98.7,± 3,µM
VICTOR C HIA -HSIANG L IN 2010,breast,MDA-MB-231,Osthole,40.0,48h,86.3,± 0,µM
VICTOR C HIA -HSIANG L IN 2010,breast,MDA-MB-231,Osthole,80.0,48h,69.3,± 0,µM
VICTOR C HIA -HSIANG L IN 2010,breast,MCF-7,Osthole,5.0,48h,97.7,± 3,µM
VICTOR C HIA -HSIANG L IN 2010,breast,MCF-7,Osthole,10.0,48h,95.9,± 4,µM
VICTOR C HIA -HSIANG L IN 2010,breast,MCF-7,Osthole,20.0,48h,90.0,± 4,µM
VICTOR C HIA -HSIANG L IN 2010,breast,MCF-7,Osthole,40.0,48h,89.7,± 0,µM
VICTOR C HIA -HSIANG L IN 2010,breast,MCF-7,Osthole,80.0,48h,86.7,± 0,µM
VICTOR C HIA -HSIANG L IN 2010,ovarian,SKOV3,Osthole,5.0,48h,81.0,± 3,µM
VICTOR C HIA -HSIANG L IN 2010,ovarian,SKOV3,Osthole,10.0,48h,70.2,± 2,µM
VICTOR C HIA -HSIANG L IN 2010,ovarian,SKOV3,Osthole,20.0,48h,64.3,± 3,µM
VICTOR C HIA -HSIANG L IN 2010,ovarian,SKOV3,Osthole,40.0,48h,54.4,± 2,µM
VICTOR C HIA -HSIANG L IN 2010,ovarian,SKOV3,Osthole,80.0,48h,45.5,± 0,µM
JISOO SONG 2024,prostate,PC3,Osthole,2.0,48h,97.3,± 22,µM
JISOO SONG 2024,prostate,PC3,Osthole,5.0,48h,86.4,± 18,µM
JISOO SONG 2024,prostate,PC3,Osthole,10.0,48h,52.7,± 10,µM
JISOO SONG 2024,prostate,PC3,Osthole,20.0,48h,50.0,± 5,µM
JISOO SONG 2024,prostate,PC3,Osthole,50.0,48h,55.5,± 7,µM
JISOO SONG 2024,prostate,Du145,Osthole,2.0,48h,76.4,± 25,µM
JISOO SONG 2024,prostate,Du145,Osthole,5.0,48h,56.4,± 15,µM
JISOO SONG 2024,prostate,Du145,Osthole,10.0,48h,47.3,± 12,µM
JISOO SONG 2024,prostate,Du145,Osthole,20.0,48h,47.3,± 2,µM
JISOO SONG 2024,prostate,Du145,Osthole,50.0,48h,44.6,± 11,µM
ZHI-KUN LIN 2017,hepatocellular carcinoma,MHCC-97H,Osthole,20.0,24h,92.7,± 2,µM
ZHI-KUN LIN 2017,hepatocellular carcinoma,MHCC-97H,Osthole,40.0,24h,87.7,± 7,µM
ZHI-KUN LIN 2017,hepatocellular carcinoma,MHCC-97H,Osthole,80.0,24h,82.7,± 1,µM
ZHI-KUN LIN 2017,hepatocellular carcinoma,MHCC-97H,Osthole,120.0,24h,74.7,± 4,µM
ZHI-KUN LIN 2017,hepatocellular carcinoma,MHCC-97H,Osthole,160.0,24h,63.2,± 3,µM
ZHI-KUN LIN 2017,hepatocellular carcinoma,MHCC-97H,Osthole,200.0,24h,55.3,± 6,µM
ZHI-KUN LIN 2017,hepatocellular carcinoma,MHCC-97H,Osthole,20.0,48h,86.2,± 7,µM
ZHI-KUN LIN 2017,hepatocellular carcinoma,MHCC-97H,Osthole,40.0,48h,74.7,± 4,µM
ZHI-KUN LIN 2017,hepatocellular carcinoma,MHCC-97H,Osthole,80.0,48h,54.6,± 5,µM
ZHI-KUN LIN 2017,hepatocellular carcinoma,MHCC-97H,Osthole,120.0,48h,48.1,± 7,µM
ZHI-KUN LIN 2017,hepatocellular carcinoma,MHCC-97H,Osthole,160.0,48h,41.0,± 0,µM
ZHI-KUN LIN 2017,hepatocellular carcinoma,MHCC-97H,Osthole,200.0,48h,33.7,± 4,µM
ZHI-KUN LIN 2017,hepatocellular carcinoma,HCC-LM3,Osthole,20.0,24h,95.6,± 5,µM
ZHI-KUN LIN 2017,hepatocellular carcinoma,HCC-LM3,Osthole,40.0,24h,86.2,± 8,µM
ZHI-KUN LIN 2017,hepatocellular carcinoma,HCC-LM3,Osthole,80.0,24h,72.6,± 5,µM
ZHI-KUN LIN 2017,hepatocellular carcinoma,HCC-LM3,Osthole,120.0,24h,64.7,± 5,µM
ZHI-KUN LIN 2017,hepatocellular carcinoma,HCC-LM3,Osthole,160.0,24h,53.1,± 8,µM
ZHI-KUN LIN 2017,hepatocellular carcinoma,HCC-LM3,Osthole,200.0,24h,43.1,± 0,µM
ZHI-KUN LIN 2017,hepatocellular carcinoma,HCC-LM3,Osthole,20.0,48h,84.8,± 6,µM
ZHI-KUN LIN 2017,hepatocellular carcinoma,HCC-LM3,Osthole,40.0,48h,73.3,± 5,µM
ZHI-KUN LIN 2017,hepatocellular carcinoma,HCC-LM3,Osthole,80.0,48h,59.6,± 7,µM
ZHI-KUN LIN 2017,hepatocellular carcinoma,HCC-LM3,Osthole,120.0,48h,51.0,± 10,µM
ZHI-KUN LIN 2017,hepatocellular carcinoma,HCC-LM3,Osthole,160.0,48h,37.4,± 4,µM
ZHI-KUN LIN 2017,hepatocellular carcinoma,HCC-LM3,Osthole,200.0,48h,32.3,± 4,µM
Xinbing Zhu 2018,"esophageal squamous cell
carcinoma",KYSE180,Osthole,20.0,24h,87.9,± 4,µM
Xinbing Zhu 2018,"esophageal squamous cell
carcinoma",KYSE180,Osthole,40.0,24h,83.7,± 0,µM
Xinbing Zhu 2018,"esophageal squamous cell
carcinoma",KYSE180,Osthole,80.0,24h,75.2,± 4,µM
Xinbing Zhu 2018,"esophageal squamous cell
carcinoma",KYSE180,Osthole,120.0,24h,48.2,± 3,µM
Xinbing Zhu 2018,"esophageal squamous cell
carcinoma",KYSE180,Osthole,160.0,24h,40.6,± 0,µM
Xinbing Zhu 2018,"esophageal squamous cell
carcinoma",KYSE180,Osthole,200.0,24h,31.3,± 0,µM
Xinbing Zhu 2018,"esophageal squamous cell
carcinoma",KYSE180,Osthole,240.0,24h,24.5,± 4,µM
Xinbing Zhu 2018,"esophageal squamous cell
carcinoma",KYSE180,Osthole,20.0,48h,81.1,± 0,µM
Xinbing Zhu 2018,"esophageal squamous cell
carcinoma",KYSE180,Osthole,40.0,48h,74.4,± 0,µM
Xinbing Zhu 2018,"esophageal squamous cell
carcinoma",KYSE180,Osthole,80.0,48h,60.0,± 3,µM
Xinbing Zhu 2018,"esophageal squamous cell
carcinoma",KYSE180,Osthole,120.0,48h,34.7,± 0,µM
Xinbing Zhu 2018,"esophageal squamous cell
carcinoma",KYSE180,Osthole,160.0,48h,24.5,± 3,µM
Xinbing Zhu 2018,"esophageal squamous cell
carcinoma",KYSE180,Osthole,200.0,48h,11.8,± 3,µM
Xinbing Zhu 2018,"esophageal squamous cell
carcinoma",KYSE180,Osthole,240.0,48h,5.1,± 0,µM
Xinbing Zhu 2018,"esophageal squamous cell
carcinoma",kYSE410,Osthole,20.0,24h,93.8,± 0,µM
Xinbing Zhu 2018,"esophageal squamous cell
carcinoma",kYSE410,Osthole,40.0,24h,87.8,± 0,µM
Xinbing Zhu 2018,"esophageal squamous cell
carcinoma",kYSE410,Osthole,80.0,24h,73.5,± 4,µM
Xinbing Zhu 2018,"esophageal squamous cell
carcinoma",kYSE410,Osthole,120.0,24h,65.9,± 2,µM
Xinbing Zhu 2018,"esophageal squamous cell
carcinoma",kYSE410,Osthole,160.0,24h,59.2,± 3,µM
Xinbing Zhu 2018,"esophageal squamous cell
carcinoma",kYSE410,Osthole,200.0,24h,48.2,± 4,µM
Xinbing Zhu 2018,"esophageal squamous cell
carcinoma",kYSE410,Osthole,240.0,24h,37.2,± 3,µM
Xinbing Zhu 2018,"esophageal squamous cell
carcinoma",KYSE410,Osthole,20.0,48h,93.8,± 0,µM
Xinbing Zhu 2018,"esophageal squamous cell
carcinoma",KYSE410,Osthole,40.0,48h,83.7,± 4,µM
Xinbing Zhu 2018,"esophageal squamous cell
carcinoma",KYSE410,Osthole,80.0,48h,63.4,± 4,µM
Xinbing Zhu 2018,"esophageal squamous cell
carcinoma",KYSE410,Osthole,120.0,48h,46.5,± 4,µM
Xinbing Zhu 2018,"esophageal squamous cell
carcinoma",KYSE410,Osthole,160.0,48h,37.2,± 0,µM
Xinbing Zhu 2018,"esophageal squamous cell
carcinoma",KYSE410,Osthole,200.0,48h,31.3,± 3,µM
Xinbing Zhu 2018,"esophageal squamous cell
carcinoma",KYSE410,Osthole,240.0,48h,19.4,± 3,µM
Xinbing Zhu 2018,"esophageal squamous cell
carcinoma",KYSE510,Osthole,20.0,24h,93.8,± 0,µM
Xinbing Zhu 2018,"esophageal squamous cell
carcinoma",KYSE510,Osthole,40.0,24h,87.8,± 0,µM
Xinbing Zhu 2018,"esophageal squamous cell
carcinoma",KYSE510,Osthole,80.0,24h,76.1,± 5,µM
Xinbing Zhu 2018,"esophageal squamous cell
carcinoma",KYSE510,Osthole,120.0,24h,66.0,± 4,µM
Xinbing Zhu 2018,"esophageal squamous cell
carcinoma",KYSE510,Osthole,160.0,24h,52.4,± 0,µM
Xinbing Zhu 2018,"esophageal squamous cell
carcinoma",KYSE510,Osthole,200.0,24h,45.6,± 1,µM
Xinbing Zhu 2018,"esophageal squamous cell
carcinoma",KYSE510,Osthole,240.0,24h,35.5,± 6,µM
Xinbing Zhu 2018,"esophageal squamous cell
carcinoma",KYSE510,Osthole,20.0,48h,88.7,± 3,µM
Xinbing Zhu 2018,"esophageal squamous cell
carcinoma",KYSE510,Osthole,40.0,48h,83.7,± 0,µM
Xinbing Zhu 2018,"esophageal squamous cell
carcinoma",KYSE510,Osthole,80.0,48h,60.8,± 2,µM
Xinbing Zhu 2018,"esophageal squamous cell
carcinoma",KYSE510,Osthole,120.0,48h,47.3,± 6,µM
Xinbing Zhu 2018,"esophageal squamous cell
carcinoma",KYSE510,Osthole,160.0,48h,31.3,± 6,µM
Xinbing Zhu 2018,"esophageal squamous cell
carcinoma",KYSE510,Osthole,200.0,48h,19.4,± 2,µM
Xinbing Zhu 2018,"esophageal squamous cell
carcinoma",KYSE510,Osthole,240.0,48h,11.8,± 2,µM
Xinbing Zhu 2018,"esophageal squamous cell
carcinoma",KYSE30,Osthole,20.0,24h,97.5,± 5,µM
Xinbing Zhu 2018,"esophageal squamous cell
carcinoma",KYSE30,Osthole,40.0,24h,91.2,± 0,µM
Xinbing Zhu 2018,"esophageal squamous cell
carcinoma",KYSE30,Osthole,80.0,24h,83.7,± 4,µM
Xinbing Zhu 2018,"esophageal squamous cell
carcinoma",KYSE30,Osthole,120.0,24h,69.2,± 6,µM
Xinbing Zhu 2018,"esophageal squamous cell
carcinoma",KYSE30,Osthole,160.0,24h,64.6,± 5,µM
Xinbing Zhu 2018,"esophageal squamous cell
carcinoma",KYSE30,Osthole,200.0,24h,60.6,± 3,µM
Xinbing Zhu 2018,"esophageal squamous cell
carcinoma",KYSE30,Osthole,240.0,24h,50.2,± 6,µM
Xinbing Zhu 2018,"esophageal squamous cell
carcinoma",KYSE30,Osthole,20.0,48h,91.2,± 3,µM
Xinbing Zhu 2018,"esophageal squamous cell
carcinoma",KYSE30,Osthole,40.0,48h,86.0,± 3,µM
Xinbing Zhu 2018,"esophageal squamous cell
carcinoma",KYSE30,Osthole,80.0,48h,72.1,± 3,µM
Xinbing Zhu 2018,"esophageal squamous cell
carcinoma",KYSE30,Osthole,120.0,48h,54.2,± 3,µM
Xinbing Zhu 2018,"esophageal squamous cell
carcinoma",KYSE30,Osthole,160.0,48h,49.0,± 5,µM
Xinbing Zhu 2018,"esophageal squamous cell
carcinoma",KYSE30,Osthole,200.0,48h,38.1,± 5,µM
Xinbing Zhu 2018,"esophageal squamous cell
carcinoma",KYSE30,Osthole,240.0,48h,26.5,± 5,µM
Xinbing Zhu 2018,"esophageal squamous cell
carcinoma",KYSE150,Osthole,20.0,24h,93.5,± 0,µM
Xinbing Zhu 2018,"esophageal squamous cell
carcinoma",KYSE150,Osthole,40.0,24h,86.0,± 5,µM
Xinbing Zhu 2018,"esophageal squamous cell
carcinoma",KYSE150,Osthole,80.0,24h,73.8,± 2,µM
Xinbing Zhu 2018,"esophageal squamous cell
carcinoma",KYSE150,Osthole,120.0,24h,61.1,± 2,µM
Xinbing Zhu 2018,"esophageal squamous cell
carcinoma",KYSE150,Osthole,160.0,24h,53.1,± 3,µM
Xinbing Zhu 2018,"esophageal squamous cell
carcinoma",KYSE150,Osthole,200.0,24h,45.6,± 3,µM
Xinbing Zhu 2018,"esophageal squamous cell
carcinoma",KYSE150,Osthole,240.0,24h,39.2,± 2,µM
Xinbing Zhu 2018,"esophageal squamous cell
carcinoma",KYSE150,Osthole,20.0,48h,88.8,± 0,µM
Xinbing Zhu 2018,"esophageal squamous cell
carcinoma",KYSE150,Osthole,40.0,48h,73.3,± 3,µM
Xinbing Zhu 2018,"esophageal squamous cell
carcinoma",KYSE150,Osthole,80.0,48h,54.2,± 3,µM
Xinbing Zhu 2018,"esophageal squamous cell
carcinoma",KYSE150,Osthole,120.0,48h,42.1,± 2,µM
Xinbing Zhu 2018,"esophageal squamous cell
carcinoma",KYSE150,Osthole,160.0,48h,35.2,± 0,µM
Xinbing Zhu 2018,"esophageal squamous cell
carcinoma",KYSE150,Osthole,200.0,48h,28.8,± 2,µM
Xinbing Zhu 2018,"esophageal squamous cell
carcinoma",KYSE150,Osthole,240.0,48h,21.9,± 5,µM
Wonhyoung Park 2019,breast,MCF-7,Osthole,5.0,48h,79.0,± 0,µM
Wonhyoung Park 2019,breast,MCF-7,Osthole,10.0,48h,83.4,± 1,µM
Wonhyoung Park 2019,breast,MCF-7,Osthole,20.0,48h,69.7,± 0,µM
Wonhyoung Park 2019,breast,MCF-7,Osthole,50.0,48h,46.7,± 1,µM
Wonhyoung Park 2019,breast,MCF-7,Osthole,100.0,48h,30.2,± 1,µM
Wonhyoung Park 2019,breast,BT-474,Osthole,5.0,48h,89.1,± 1,µM
Wonhyoung Park 2019,breast,BT-474,Osthole,10.0,48h,101.3,± 1,µM
Wonhyoung Park 2019,breast,BT-474,Osthole,20.0,48h,83.4,± 1,µM
Wonhyoung Park 2019,breast,BT-474,Osthole,50.0,48h,48.9,± 1,µM
Wonhyoung Park 2019,breast,BT-474,Osthole,100.0,48h,41.7,± 1,µM
Xinghua Zhou 2023,colorectal cancer,HCT116,Osthole,25.0,24h,95.2,± 5,µM
Xinghua Zhou 2023,colorectal cancer,HCT116,Osthole,50.0,24h,90.7,± 7,µM
Xinghua Zhou 2023,colorectal cancer,HCT116,Osthole,100.0,24h,85.1,± 4,µM
Xinghua Zhou 2023,colorectal cancer,HCT116,Osthole,200.0,24h,76.0,± 6,µM
Xinghua Zhou 2023,colorectal cancer,HCT116,Osthole,25.0,48h,85.6,± 7,µM
Xinghua Zhou 2023,colorectal cancer,HCT116,Osthole,50.0,48h,74.4,± 6,µM
Xinghua Zhou 2023,colorectal cancer,HCT116,Osthole,100.0,48h,64.8,± 5,µM
Xinghua Zhou 2023,colorectal cancer,HCT116,Osthole,200.0,48h,54.6,± 5,µM
Xinghua Zhou 2023,colorectal cancer,HCT116,Osthole,25.0,72h,72.1,± 6,µM
Xinghua Zhou 2023,colorectal cancer,HCT116,Osthole,50.0,72h,52.4,± 5,µM
Xinghua Zhou 2023,colorectal cancer,HCT116,Osthole,100.0,72h,34.9,± 5,µM
Xinghua Zhou 2023,colorectal cancer,HCT116,Osthole,200.0,72h,25.9,± 4,µM
Xinghua Zhou 2023,colon adenocarcinoma,SW480,Osthole,25.0,24h,95.9,± 6,µM
Xinghua Zhou 2023,colon adenocarcinoma,SW480,Osthole,50.0,24h,84.7,± 7,µM
Xinghua Zhou 2023,colon adenocarcinoma,SW480,Osthole,100.0,24h,76.3,± 4,µM
Xinghua Zhou 2023,colon adenocarcinoma,SW480,Osthole,200.0,24h,58.9,± 7,µM
Xinghua Zhou 2023,colon adenocarcinoma,SW480,Osthole,25.0,48h,90.8,± 7,µM
Xinghua Zhou 2023,colon adenocarcinoma,SW480,Osthole,50.0,48h,69.5,± 7,µM
Xinghua Zhou 2023,colon adenocarcinoma,SW480,Osthole,100.0,48h,60.6,± 5,µM
Xinghua Zhou 2023,colon adenocarcinoma,SW480,Osthole,200.0,48h,43.7,± 4,µM
Xinghua Zhou 2023,colon adenocarcinoma,SW480,Osthole,25.0,72h,86.4,± 6,µM
Xinghua Zhou 2023,colon adenocarcinoma,SW480,Osthole,50.0,72h,61.1,± 5,µM
Xinghua Zhou 2023,colon adenocarcinoma,SW480,Osthole,100.0,72h,43.2,± 5,µM
Xinghua Zhou 2023,colon adenocarcinoma,SW480,Osthole,200.0,72h,35.9,± 4,µM
Haitao Feng 2017,Lung cancer,A549,Osthole,5.0,48h,96.6,± 4,µM
Haitao Feng 2017,Lung cancer,A549,Osthole,10.0,48h,92.9,± 5,µM
Haitao Feng 2017,Lung cancer,A549,Osthole,20.0,48h,89.3,± 2,µM
Haitao Feng 2017,Lung cancer,A549,Osthole,40.0,48h,76.5,± 8,µM
Haitao Feng 2017,Lung cancer,A549,Osthole,80.0,48h,44.9,± 8,µM
XINGYANG ZHU 2017,intrahepatic cholangiocarcinoma,HCCC-9810,Osthole,25.0,24h,93.2,± 0,µM
XINGYANG ZHU 2017,intrahepatic cholangiocarcinoma,HCCC-9810,Osthole,50.0,24h,84.3,± 5,µM
XINGYANG ZHU 2017,intrahepatic cholangiocarcinoma,HCCC-9810,Osthole,100.0,24h,76.6,± 5,µM
XINGYANG ZHU 2017,intrahepatic cholangiocarcinoma,HCCC-9810,Osthole,150.0,24h,67.7,± 5,µM
XINGYANG ZHU 2017,intrahepatic cholangiocarcinoma,HCCC-9810,Osthole,200.0,24h,43.4,± 0,µM
XINGYANG ZHU 2017,intrahepatic cholangiocarcinoma,HCCC-9810,Osthole,25.0,48h,90.6,± 0,µM
XINGYANG ZHU 2017,intrahepatic cholangiocarcinoma,HCCC-9810,Osthole,50.0,48h,83.0,± 0,µM
XINGYANG ZHU 2017,intrahepatic cholangiocarcinoma,HCCC-9810,Osthole,100.0,48h,72.7,± 0,µM
XINGYANG ZHU 2017,intrahepatic cholangiocarcinoma,HCCC-9810,Osthole,150.0,48h,61.3,± 0,µM
XINGYANG ZHU 2017,intrahepatic cholangiocarcinoma,HCCC-9810,Osthole,200.0,48h,29.4,± 0,µM
XINGYANG ZHU 2017,intrahepatic cholangiocarcinoma,HCCC-9810,Osthole,25.0,72h,84.3,± 3,µM
XINGYANG ZHU 2017,intrahepatic cholangiocarcinoma,HCCC-9810,Osthole,50.0,72h,74.0,± 3,µM
XINGYANG ZHU 2017,intrahepatic cholangiocarcinoma,HCCC-9810,Osthole,100.0,72h,67.7,± 3,µM
XINGYANG ZHU 2017,intrahepatic cholangiocarcinoma,HCCC-9810,Osthole,150.0,72h,52.3,± 0,µM
XINGYANG ZHU 2017,intrahepatic cholangiocarcinoma,HCCC-9810,Osthole,200.0,72h,20.4,± 0,µM
XINGYANG ZHU 2017,intrahepatic cholangiocarcinoma,RBE,Osthole,25.0,24h,94.5,± 4,µM
XINGYANG ZHU 2017,intrahepatic cholangiocarcinoma,RBE,Osthole,50.0,24h,86.8,± 0,µM
XINGYANG ZHU 2017,intrahepatic cholangiocarcinoma,RBE,Osthole,100.0,24h,76.6,± 0,µM
XINGYANG ZHU 2017,intrahepatic cholangiocarcinoma,RBE,Osthole,150.0,24h,68.9,± 4,µM
XINGYANG ZHU 2017,intrahepatic cholangiocarcinoma,RBE,Osthole,200.0,24h,51.1,± 2,µM
XINGYANG ZHU 2017,intrahepatic cholangiocarcinoma,RBE,Osthole,25.0,48h,93.2,± 0,µM
XINGYANG ZHU 2017,intrahepatic cholangiocarcinoma,RBE,Osthole,50.0,48h,81.7,± 0,µM
XINGYANG ZHU 2017,intrahepatic cholangiocarcinoma,RBE,Osthole,100.0,48h,72.8,± 0,µM
XINGYANG ZHU 2017,intrahepatic cholangiocarcinoma,RBE,Osthole,150.0,48h,62.6,± 1,µM
XINGYANG ZHU 2017,intrahepatic cholangiocarcinoma,RBE,Osthole,200.0,48h,26.8,± 0,µM
XINGYANG ZHU 2017,intrahepatic cholangiocarcinoma,RBE,Osthole,25.0,72h,88.1,± 0,µM
XINGYANG ZHU 2017,intrahepatic cholangiocarcinoma,RBE,Osthole,50.0,72h,80.4,± 0,µM
XINGYANG ZHU 2017,intrahepatic cholangiocarcinoma,RBE,Osthole,100.0,72h,68.9,± 0,µM
XINGYANG ZHU 2017,intrahepatic cholangiocarcinoma,RBE,Osthole,150.0,72h,48.5,± 0,µM
XINGYANG ZHU 2017,intrahepatic cholangiocarcinoma,RBE,Osthole,200.0,72h,17.9,± 0,µM
Mengjie Huangfu 2020,Cervix,Hela,Osthole,42.0,24h,95.0,± 3,µM
Mengjie Huangfu 2020,Cervix,Hela,Osthole,81.0,24h,86.0,± 4,µM
Mengjie Huangfu 2020,Cervix,Hela,Osthole,163.0,24h,77.0,± 3,µM
Mengjie Huangfu 2020,Cervix,Hela,Osthole,320.0,24h,48.0,± 3,µM
Mengjie Huangfu 2020,Cervix,Hela,Osthole,400.0,24h,46.0,± 4,µM
Mengjie Huangfu 2020,Cervix,Hela,Osthole,480.0,24h,43.0,± 3,µM
Mengjie Huangfu 2020,Cervix,Hela,Osthole,640.0,24h,38.0,± 2,µM
Mengjie Huangfu 2020,Cervix,Hela,Osthole,42.0,48h,85.0,± 4,µM
Mengjie Huangfu 2020,Cervix,Hela,Osthole,81.0,48h,74.0,± 3,µM
Mengjie Huangfu 2020,Cervix,Hela,Osthole,163.0,48h,50.0,± 4,µM
Mengjie Huangfu 2020,Cervix,Hela,Osthole,320.0,48h,22.0,± 2,µM
Mengjie Huangfu 2020,Cervix,Hela,Osthole,400.0,48h,21.0,± 2,µM
Mengjie Huangfu 2020,Cervix,Hela,Osthole,480.0,48h,19.0,± 1,µM
Mengjie Huangfu 2020,Cervix,Hela,Osthole,640.0,48h,19.0,± 2,µM
Mengjie Huangfu 2020,Cervix,Hela,Osthole,42.0,72h,85.0,± 2,µM
Mengjie Huangfu 2020,Cervix,Hela,Osthole,81.0,72h,58.0,± 2,µM
Mengjie Huangfu 2020,Cervix,Hela,Osthole,163.0,72h,20.0,± 2,µM
Mengjie Huangfu 2020,Cervix,Hela,Osthole,320.0,72h,18.0,± 2,µM
Mengjie Huangfu 2020,Cervix,Hela,Osthole,400.0,72h,16.0,± 0,µM
Mengjie Huangfu 2020,Cervix,Hela,Osthole,480.0,72h,15.0,± 1,µM
Mengjie Huangfu 2020,Cervix,Hela,Osthole,640.0,72h,14.5,± 1,µM
AGATA JARZAB 2014,Medulloblastoma,RK33,Osthole,10.0,72h,100.0,± 0,µM
AGATA JARZAB 2014,Medulloblastoma,RK33,Osthole,25.0,72h,98.0,± 0,µM
AGATA JARZAB 2014,Medulloblastoma,RK33,Osthole,50.0,72h,88.0,± 0,µM
AGATA JARZAB 2014,Medulloblastoma,RK33,Osthole,100.0,72h,46.0,± 0,µM
Juan Wang 2022,Cervix,Hela,Osthole,40.0,12h,92.0,± 2,µM
Juan Wang 2022,Cervix,Hela,Osthole,80.0,12h,87.0,± 2,µM
Juan Wang 2022,Cervix,Hela,Osthole,160.0,12h,80.0,± 1,µM
Juan Wang 2022,Cervix,Hela,Osthole,200.0,12h,72.0,± 1,µM
Juan Wang 2022,Cervix,Hela,Osthole,240.0,12h,68.0,± 0,µM
Juan Wang 2022,Cervix,Hela,Osthole,320.0,12h,62.0,± 2,µM
Juan Wang 2022,Cervix,Hela,Osthole,400.0,12h,58.0,± 2,µM
Juan Wang 2022,Cervix,Hela,Osthole,480.0,12h,51.0,± 0,µM
Juan Wang 2022,Cervix,Hela,Osthole,640.0,12h,47.0,± 0,µM
Juan Wang 2022,Cervix,Hela,Osthole,40.0,18h,87.0,± 3,µM
Juan Wang 2022,Cervix,Hela,Osthole,80.0,18h,75.0,± 4,µM
Juan Wang 2022,Cervix,Hela,Osthole,160.0,18h,64.0,± 2,µM
Juan Wang 2022,Cervix,Hela,Osthole,200.0,18h,59.0,± 2,µM
Juan Wang 2022,Cervix,Hela,Osthole,240.0,18h,55.0,± 3,µM
Juan Wang 2022,Cervix,Hela,Osthole,320.0,18h,50.0,± 3,µM
Juan Wang 2022,Cervix,Hela,Osthole,400.0,18h,45.0,± 0,µM
Juan Wang 2022,Cervix,Hela,Osthole,480.0,18h,41.0,± 0,µM
Juan Wang 2022,Cervix,Hela,Osthole,640.0,18h,37.0,± 2,µM
Juan Wang 2022,Cervix,Hela,Osthole,40.0,24h,78.0,± 4,µM
Juan Wang 2022,Cervix,Hela,Osthole,80.0,24h,63.0,± 3,µM
Juan Wang 2022,Cervix,Hela,Osthole,160.0,24h,53.0,± 1,µM
Juan Wang 2022,Cervix,Hela,Osthole,200.0,24h,43.0,± 4,µM
Juan Wang 2022,Cervix,Hela,Osthole,240.0,24h,41.0,± 0,µM
Juan Wang 2022,Cervix,Hela,Osthole,320.0,24h,38.0,± 0,µM
Juan Wang 2022,Cervix,Hela,Osthole,400.0,24h,36.0,± 2,µM
Juan Wang 2022,Cervix,Hela,Osthole,480.0,24h,31.0,± 2,µM
Juan Wang 2022,Cervix,Hela,Osthole,640.0,24h,29.0,± 0,µM
Pei Ying Liu 2017,nasopharyngeal,NPC-039,Osthole,10.0,24h,96.0,± 5,µM
Pei Ying Liu 2017,nasopharyngeal,NPC-039,Osthole,20.0,24h,87.0,± 3,µM
Pei Ying Liu 2017,nasopharyngeal,NPC-039,Osthole,40.0,24h,90.0,± 3,µM
Pei Ying Liu 2017,nasopharyngeal,NPC-039,Osthole,80.0,24h,83.0,± 1,µM
Pei Ying Liu 2017,nasopharyngeal,NPC-039,Osthole,10.0,48h,96.0,± 0,µM
Pei Ying Liu 2017,nasopharyngeal,NPC-039,Osthole,20.0,48h,89.0,± 1,µM
Pei Ying Liu 2017,nasopharyngeal,NPC-039,Osthole,40.0,48h,67.0,± 0,µM
Pei Ying Liu 2017,nasopharyngeal,NPC-039,Osthole,80.0,48h,46.0,± 0,µM
Pei Ying Liu 2017,nasopharyngeal,NPC-039,Osthole,10.0,72h,101.0,± 0,µM
Pei Ying Liu 2017,nasopharyngeal,NPC-039,Osthole,20.0,72h,87.0,± 0,µM
Pei Ying Liu 2017,nasopharyngeal,NPC-039,Osthole,40.0,72h,53.0,± 2,µM
Pei Ying Liu 2017,nasopharyngeal,NPC-039,Osthole,80.0,72h,39.0,± 0,µM
Pei Ying Liu 2017,nasopharyngeal,NPC-BM,Osthole,10.0,24h,92.0,± 2,µM
Pei Ying Liu 2017,nasopharyngeal,NPC-BM,Osthole,20.0,24h,82.0,± 1,µM
Pei Ying Liu 2017,nasopharyngeal,NPC-BM,Osthole,40.0,24h,77.0,± 1,µM
Pei Ying Liu 2017,nasopharyngeal,NPC-BM,Osthole,80.0,24h,67.0,± 3,µM
Pei Ying Liu 2017,nasopharyngeal,NPC-BM,Osthole,10.0,48h,87.0,± 0,µM
Pei Ying Liu 2017,nasopharyngeal,NPC-BM,Osthole,20.0,48h,71.0,± 0,µM
Pei Ying Liu 2017,nasopharyngeal,NPC-BM,Osthole,40.0,48h,50.0,± 0,µM
Pei Ying Liu 2017,nasopharyngeal,NPC-BM,Osthole,80.0,48h,47.0,± 0,µM
Pei Ying Liu 2017,nasopharyngeal,NPC-BM,Osthole,10.0,72h,80.0,± 0,µM
Pei Ying Liu 2017,nasopharyngeal,NPC-BM,Osthole,20.0,72h,36.0,± 0,µM
Pei Ying Liu 2017,nasopharyngeal,NPC-BM,Osthole,40.0,72h,14.0,± 0,µM
Pei Ying Liu 2017,nasopharyngeal,NPC-BM,Osthole,80.0,72h,13.0,± 0,µM
Lurong Zhang 2012,Hepatocellular carcinoma,SK-HP-1,Osthole,20.5,48h,97.5,± 0,µM
Lurong Zhang 2012,Hepatocellular carcinoma,SK-HP-1,Osthole,41.0,48h,94.4,± 0,µM
Lurong Zhang 2012,Hepatocellular carcinoma,SK-HP-1,Osthole,82.0,48h,86.0,± 0,µM
Lurong Zhang 2012,Hepatocellular carcinoma,SK-HP-1,Osthole,123.0,48h,69.0,± 0,µM
Lurong Zhang 2012,Hepatocellular carcinoma,SK-HP-1,Osthole,164.0,48h,58.0,± 0,µM
Lurong Zhang 2012,Hepatocellular carcinoma,SK-HP-1,Osthole,205.0,48h,44.0,± 0,µM
Lurong Zhang 2012,Hepatocellular carcinoma,SMMC-7721,Osthole,20.5,48h,97.0,± 4,µM
Lurong Zhang 2012,Hepatocellular carcinoma,SMMC-7721,Osthole,41.0,48h,95.0,± 4,µM
Lurong Zhang 2012,Hepatocellular carcinoma,SMMC-7721,Osthole,82.0,48h,82.0,± 2,µM
Lurong Zhang 2012,Hepatocellular carcinoma,SMMC-7721,Osthole,123.0,48h,66.0,± 4,µM
Lurong Zhang 2012,Hepatocellular carcinoma,SMMC-7721,Osthole,164.0,48h,45.0,± 2,µM
Lurong Zhang 2012,Hepatocellular carcinoma,SMMC-7721,Osthole,205.0,48h,37.0,± 0,µM
Lurong Zhang 2012,Hepatocellular carcinoma,SMMC-7721,Osthole,20.5,24h,100.0,± 4,µM
Lurong Zhang 2012,Hepatocellular carcinoma,SMMC-7721,Osthole,41.0,24h,98.3,± 4,µM
Lurong Zhang 2012,Hepatocellular carcinoma,SMMC-7721,Osthole,82.0,24h,96.2,± 4,µM
Lurong Zhang 2012,Hepatocellular carcinoma,SMMC-7721,Osthole,123.0,24h,81.7,± 2,µM
Lurong Zhang 2012,Hepatocellular carcinoma,SMMC-7721,Osthole,164.0,24h,79.0,± 4,µM
Lurong Zhang 2012,Hepatocellular carcinoma,SMMC-7721,Osthole,205.0,24h,65.0,± 2,µM
Lurong Zhang 2012,Hepatocellular carcinoma,SMMC-7721,Osthole,20.5,72h,76.0,± 4,µM
Lurong Zhang 2012,Hepatocellular carcinoma,SMMC-7721,Osthole,41.0,72h,67.0,± 3,µM
Lurong Zhang 2012,Hepatocellular carcinoma,SMMC-7721,Osthole,82.0,72h,44.2,± 2,µM
Lurong Zhang 2012,Hepatocellular carcinoma,SMMC-7721,Osthole,123.0,72h,12.8,± 1,µM
Lurong Zhang 2012,Hepatocellular carcinoma,SMMC-7721,Osthole,164.0,72h,10.0,± 1,µM
Lurong Zhang 2012,Hepatocellular carcinoma,SMMC-7721,Osthole,205.0,72h,8.0,± 0,µM
Lurong Zhang 2012,Hepatocellular carcinoma,HepG-2,Osthole,20.5,48h,96.0,± 0,µM
Lurong Zhang 2012,Hepatocellular carcinoma,HepG-2,Osthole,41.0,48h,86.5,± 0,µM
Lurong Zhang 2012,Hepatocellular carcinoma,HepG-2,Osthole,82.0,48h,73.6,± 0,µM
Lurong Zhang 2012,Hepatocellular carcinoma,HepG-2,Osthole,123.0,48h,62.0,± 0,µM
Lurong Zhang 2012,Hepatocellular carcinoma,HepG-2,Osthole,164.0,48h,50.0,± 0,µM
Lurong Zhang 2012,Hepatocellular carcinoma,HepG-2,Osthole,205.0,48h,36.0,± 0,µM
Lintao Wang 2015,breast,MDA-MB 435,Osthole,20.0,24h,96.1,± 1,µM
Lintao Wang 2015,breast,MDA-MB 435,Osthole,40.0,24h,94.1,± 2,µM
Lintao Wang 2015,breast,MDA-MB 435,Osthole,60.0,24h,92.8,± 1,µM
Lintao Wang 2015,breast,MDA-MB 435,Osthole,80.0,24h,82.0,± 1,µM
Lintao Wang 2015,breast,MDA-MB 435,Osthole,100.0,24h,76.0,± 2,µM
Lintao Wang 2015,breast,MDA-MB 435,Osthole,20.0,36h,93.1,± 5,µM
Lintao Wang 2015,breast,MDA-MB 435,Osthole,40.0,36h,89.3,± 5,µM
Lintao Wang 2015,breast,MDA-MB 435,Osthole,60.0,36h,84.8,± 5,µM
Lintao Wang 2015,breast,MDA-MB 435,Osthole,80.0,36h,80.5,± 2,µM
Lintao Wang 2015,breast,MDA-MB 435,Osthole,100.0,36h,62.3,± 3,µM
Lintao Wang 2015,breast,MDA-MB 435,Osthole,20.0,48h,92.3,± 2,µM
Lintao Wang 2015,breast,MDA-MB 435,Osthole,40.0,48h,87.5,± 2,µM
Lintao Wang 2015,breast,MDA-MB 435,Osthole,60.0,48h,79.8,± 5,µM
Lintao Wang 2015,breast,MDA-MB 435,Osthole,80.0,48h,64.5,± 3,µM
Lintao Wang 2015,breast,MDA-MB 435,Osthole,100.0,48h,44.9,± 3,µM
Yue-qiang Chen 2022,breast,MDA-MB-231,Osthole,20.47,24h,91.4,± 0,µM
Yue-qiang Chen 2022,breast,MDA-MB-231,Osthole,40.94,24h,82.8,± 0,µM
Yue-qiang Chen 2022,breast,MDA-MB-231,Osthole,102.34,24h,80.0,± 0,µM
Yue-qiang Chen 2022,breast,MDA-MB-231,Osthole,20.47,48h,66.6,± 0.02,µM
Yue-qiang Chen 2022,breast,MDA-MB-231,Osthole,40.94,48h,51.2,± 0,µM
Yue-qiang Chen 2022,breast,MDA-MB-231,Osthole,102.34,48h,41.0,± 0,µM
Yue-qiang Chen 2022,breast,MDA-MB-231BO,Osthole,20.47,24h,76.9,± 0,µM
Yue-qiang Chen 2022,breast,MDA-MB-231BO,Osthole,40.94,24h,76.9,± 0.02,µM
Yue-qiang Chen 2022,breast,MDA-MB-231BO,Osthole,102.34,24h,69.2,± 0,µM
Yue-qiang Chen 2022,breast,MDA-MB-231BO,Osthole,20.47,48h,62.9,± 0.01,µM
Yue-qiang Chen 2022,breast,MDA-MB-231BO,Osthole,40.94,48h,64.8,± 0.02,µM
Yue-qiang Chen 2022,breast,MDA-MB-231BO,Osthole,102.34,48h,50.0,± 0.02,µM
Yue-qiang Chen 2022,breast,MCF-7,Osthole,20.47,24h,94.1,± 0,µM
Yue-qiang Chen 2022,breast,MCF-7,Osthole,40.94,24h,88.2,± 0,µM
Yue-qiang Chen 2022,breast,MCF-7,Osthole,102.34,24h,82.3,± 0,µM
Yue-qiang Chen 2022,breast,MCF-7,Osthole,20.47,48h,97.6,± 0.02,µM
Yue-qiang Chen 2022,breast,MCF-7,Osthole,40.94,48h,92.8,± 0.02,µM
Yue-qiang Chen 2022,breast,MCF-7,Osthole,102.34,48h,88.0,± 0.02,µM
Xing-Hua Zhou 2021,Colorectal cancer,HT‑29,Osthole,25.0,24h,89.0,± 2,µM
Xing-Hua Zhou 2021,Colorectal cancer,HT‑29,Osthole,50.0,24h,76.0,± 4,µM
Xing-Hua Zhou 2021,Colorectal cancer,HT‑29,Osthole,100.0,24h,67.7,± 3,µM
Xu Chao2014,hepatocellular carcinoma,HepG2,Osthole,4.0,24h,76.0,± 5,µM
Xu Chao2014,hepatocellular carcinoma,HepG2,Osthole,20.0,24h,58.0,± 5,µM
Xu Chao2014,hepatocellular carcinoma,HepG2,Osthole,500.0,24h,13.0,± 6,µM
Xu Chao2014,hepatocellular carcinoma,HepG2,Osthole,1000.0,24h,5.0,± 5,µM
Xu Chao2014,hepatocellular carcinoma,HepG2,Osthole,4.0,48h,66.0,± 5,µM
Xu Chao2014,hepatocellular carcinoma,HepG2,Osthole,20.0,48h,40.0,± 5,µM
Xu Chao2014,hepatocellular carcinoma,HepG2,Osthole,500.0,48h,5.0,± 2,µM
Xu Chao2014,hepatocellular carcinoma,HepG2,Osthole,1000.0,48h,2.0,± 0,µM
Xu Chao2014,hepatocellular carcinoma,HepG2,Osthole,4.0,72h,40.0,± 6,µM
Xu Chao2014,hepatocellular carcinoma,HepG2,Osthole,20.0,72h,23.0,± 6,µM
Xu Chao2014,hepatocellular carcinoma,HepG2,Osthole,500.0,72h,3.0,± 0,µM
Xu Chao2014,hepatocellular carcinoma,HepG2,Osthole,1000.0,72h,2.0,± 2,µM
Lei Liu 2017,renal cell carcinoma,ACHN,Osthole,20.0,24h,97.0,± 0,µM
Lei Liu 2017,renal cell carcinoma,ACHN,Osthole,40.0,24h,94.0,± 0,µM
Lei Liu 2017,renal cell carcinoma,ACHN,Osthole,80.0,24h,85.0,± 0,µM
Lei Liu 2017,renal cell carcinoma,ACHN,Osthole,120.0,24h,64.0,± 0,µM
Lei Liu 2017,renal cell carcinoma,ACHN,Osthole,160.0,24h,51.0,± 0,µM
Lei Liu 2017,renal cell carcinoma,ACHN,Osthole,200.0,24h,43.0,± 2,µM
Lei Liu 2017,renal cell carcinoma,ACHN,Osthole,240.0,24h,30.0,± 0,µM
Lei Liu 2017,renal cell carcinoma,ACHN,Osthole,20.0,48h,96.0,± 0,µM
Lei Liu 2017,renal cell carcinoma,ACHN,Osthole,40.0,48h,90.0,± 0,µM
Lei Liu 2017,renal cell carcinoma,ACHN,Osthole,80.0,48h,65.0,± 0,µM
Lei Liu 2017,renal cell carcinoma,ACHN,Osthole,120.0,48h,41.0,± 2,µM
Lei Liu 2017,renal cell carcinoma,ACHN,Osthole,160.0,48h,37.0,± 3,µM
Lei Liu 2017,renal cell carcinoma,ACHN,Osthole,200.0,48h,27.0,± 1,µM
Lei Liu 2017,renal cell carcinoma,ACHN,Osthole,240.0,48h,17.0,± 0,µM
Lei Liu 2017,renal cell carcinoma,786-O,Osthole,20.0,24h,96.0,± 0,µM
Lei Liu 2017,renal cell carcinoma,786-O,Osthole,40.0,24h,92.0,± 0,µM
Lei Liu 2017,renal cell carcinoma,786-O,Osthole,80.0,24h,78.0,± 1,µM
Lei Liu 2017,renal cell carcinoma,786-O,Osthole,120.0,24h,62.0,± 2,µM
Lei Liu 2017,renal cell carcinoma,786-O,Osthole,160.0,24h,54.0,± 4,µM
Lei Liu 2017,renal cell carcinoma,786-O,Osthole,200.0,24h,45.0,± 3,µM
Lei Liu 2017,renal cell carcinoma,786-O,Osthole,240.0,24h,38.0,± 0,µM
Lei Liu 2017,renal cell carcinoma,786-O,Osthole,20.0,48h,94.0,± 0,µM
Lei Liu 2017,renal cell carcinoma,786-O,Osthole,40.0,48h,78.0,± 4,µM
Lei Liu 2017,renal cell carcinoma,786-O,Osthole,80.0,48h,65.0,± 3,µM
Lei Liu 2017,renal cell carcinoma,786-O,Osthole,120.0,48h,50.0,± 4,µM
Lei Liu 2017,renal cell carcinoma,786-O,Osthole,160.0,48h,40.0,± 3,µM
Lei Liu 2017,renal cell carcinoma,786-O,Osthole,200.0,48h,26.0,± 4,µM
Lei Liu 2017,renal cell carcinoma,786-O,Osthole,240.0,48h,18.0,± 0,µM
Yiyi Ye 2013,breast,MDA-MB-231,Osthole,24.0,24h,80.0,± 8,µM
Yiyi Ye 2013,breast,MDA-MB-231,Osthole,27.0,24h,66.0,± 4,µM
Yiyi Ye 2013,breast,MDA-MB-231,Osthole,37.0,24h,50.0,± 5,µM
Yiyi Ye 2013,breast,MDA-MB-231,Osthole,53.0,24h,8.0,± 3,µM
Yiyi Ye 2013,breast,MDA-MB-231,Osthole,84.0,24h,7.0,± 1,µM
Sugai Yin 2021,Cervical Carcinoma,HeLa,Osthole,409.37,24h,86.5,± 0,µM
Sugai Yin 2021,Cervical Carcinoma,HeLa,Osthole,818.73,24h,65.25,± 0,µM
Sugai Yin 2021,Cervical Carcinoma,HeLa,Osthole,1637.47,24h,45.75,± 0,µM
Sugai Yin 2021,Cervical Carcinoma,HeLa,Osthole,409.37,48h,61.0,± 0,µM
Sugai Yin 2021,Cervical Carcinoma,HeLa,Osthole,818.73,48h,41.5,± 0,µM
Sugai Yin 2021,Cervical Carcinoma,HeLa,Osthole,1637.47,48h,23.0,± 0,µM
Sugai Yin 2021,Cervical Carcinoma,HeLa,Osthole,409.37,72h,41.0,± 0,µM
Sugai Yin 2021,Cervical Carcinoma,HeLa,Osthole,818.73,72h,23.0,± 0,µM
Sugai Yin 2021,Cervical Carcinoma,HeLa,Osthole,1637.47,72h,10.0,± 0,µM
Lu Wang 2016,Osteosarcoma,MG-63,Osthole,25.0,12h,80.0,± 0,µM
Lu Wang 2016,Osteosarcoma,MG-63,Osthole,50.0,12h,62.0,± 0,µM
Lu Wang 2016,Osteosarcoma,MG-63,Osthole,100.0,12h,43.0,± 0,µM
Lu Wang 2016,Osteosarcoma,MG-63,Osthole,150.0,12h,38.0,± 0,µM
Lu Wang 2016,Osteosarcoma,MG-63,Osthole,200.0,12h,36.0,± 0,µM
Lu Wang 2016,Osteosarcoma,MG-63,Osthole,25.0,24h,78.0,± 0,µM
Lu Wang 2016,Osteosarcoma,MG-63,Osthole,50.0,24h,60.0,± 0,µM
Lu Wang 2016,Osteosarcoma,MG-63,Osthole,100.0,24h,43.0,± 0,µM
Lu Wang 2016,Osteosarcoma,MG-63,Osthole,150.0,24h,34.0,± 0,µM
Lu Wang 2016,Osteosarcoma,MG-63,Osthole,200.0,24h,32.0,± 0,µM
Lu Wang 2016,Osteosarcoma,MG-63,Osthole,25.0,48h,88.0,± 1,µM
Lu Wang 2016,Osteosarcoma,MG-63,Osthole,50.0,48h,57.0,± 1,µM
Lu Wang 2016,Osteosarcoma,MG-63,Osthole,100.0,48h,37.0,± 0,µM
Lu Wang 2016,Osteosarcoma,MG-63,Osthole,150.0,48h,31.0,± 1,µM
Lu Wang 2016,Osteosarcoma,MG-63,Osthole,200.0,48h,23.0,± 0,µM
Lu Wang 2016,Osteosarcoma,SaOS-2,Osthole,25.0,12h,88.0,± 0,µM
Lu Wang 2016,Osteosarcoma,SaOS-2,Osthole,50.0,12h,70.0,± 2,µM
Lu Wang 2016,Osteosarcoma,SaOS-2,Osthole,100.0,12h,60.0,± 0,µM
Lu Wang 2016,Osteosarcoma,SaOS-2,Osthole,150.0,12h,52.0,± 2,µM
Lu Wang 2016,Osteosarcoma,SaOS-2,Osthole,200.0,12h,30.0,± 0,µM
Lu Wang 2016,Osteosarcoma,SaOS-2,Osthole,25.0,24h,60.0,± 2,µM
Lu Wang 2016,Osteosarcoma,SaOS-2,Osthole,50.0,24h,43.0,± 1,µM
Lu Wang 2016,Osteosarcoma,SaOS-2,Osthole,100.0,24h,33.0,± 0,µM
Lu Wang 2016,Osteosarcoma,SaOS-2,Osthole,150.0,24h,30.0,± 0,µM
Lu Wang 2016,Osteosarcoma,SaOS-2,Osthole,200.0,24h,36.0,± 0,µM
Lu Wang 2016,Osteosarcoma,SaOS-2,Osthole,25.0,48h,62.0,± 1,µM
Lu Wang 2016,Osteosarcoma,SaOS-2,Osthole,50.0,48h,38.0,± 1,µM
Lu Wang 2016,Osteosarcoma,SaOS-2,Osthole,100.0,48h,26.0,± 0,µM
Lu Wang 2016,Osteosarcoma,SaOS-2,Osthole,150.0,48h,23.0,± 0,µM
Lu Wang 2016,Osteosarcoma,SaOS-2,Osthole,200.0,48h,18.0,± 0,µM
Yalda Shokoohinia 2014,Prostate cancer,PC3,Osthole,3.0,24h,89.0,± 0,µM
Yalda Shokoohinia 2014,Prostate cancer,PC3,Osthole,15.0,24h,73.0,± 0,µM
Yalda Shokoohinia 2014,Prostate cancer,PC3,Osthole,30.0,24h,64.0,± 0,µM
Yalda Shokoohinia 2014,Prostate cancer,PC3,Osthole,60.0,24h,56.0,± 0,µM
Yalda Shokoohinia 2014,Prostate cancer,PC3,Osthole,120.0,24h,58.0,± 0,µM
Yalda Shokoohinia 2014,Prostate cancer,PC3,Osthole,240.0,24h,55.0,± 0,µM
Yalda Shokoohinia 2014,Prostate cancer,PC3,Osthole,300.0,24h,47.0,± 0,µM
Yalda Shokoohinia 2014,Lung cancer,H1299,Osthole,3.0,24h,114.0,± 0,µM
Yalda Shokoohinia 2014,Lung cancer,H1299,Osthole,15.0,24h,107.0,± 0,µM
Yalda Shokoohinia 2014,Lung cancer,H1299,Osthole,30.0,24h,104.0,± 0,µM
Yalda Shokoohinia 2014,Lung cancer,H1299,Osthole,60.0,24h,70.0,± 0,µM
Yalda Shokoohinia 2014,Lung cancer,H1299,Osthole,120.0,24h,66.0,± 0,µM
Yalda Shokoohinia 2014,Lung cancer,H1299,Osthole,240.0,24h,64.0,± 0,µM
Yalda Shokoohinia 2014,Lung cancer,H1299,Osthole,300.0,24h,58.0,± 0,µM
Jing Liang 2020,Ovarian endometrioid adenocarcinoma,A2780,Osthole,10.0,24h,88.0,± 7,µM
Jing Liang 2020,Ovarian endometrioid adenocarcinoma,A2780,Osthole,20.0,24h,82.0,± 6,µM
Jing Liang 2020,Ovarian endometrioid adenocarcinoma,A2780,Osthole,30.0,24h,77.0,± 3,µM
Jing Liang 2020,Ovarian endometrioid adenocarcinoma,A2780,Osthole,40.0,24h,75.0,± 2,µM
Jing Liang 2020,Ovarian endometrioid adenocarcinoma,A2780,Osthole,50.0,24h,66.0,± 3,µM
Jing Liang 2020,Ovarian endometrioid adenocarcinoma,A2780,Osthole,60.0,24h,57.0,± 0,µM
Jing Liang 2020,Ovarian endometrioid adenocarcinoma,A2780,Osthole,70.0,24h,54.0,± 3,µM
Jing Liang 2020,Ovarian endometrioid adenocarcinoma,A2780,Osthole,80.0,24h,34.0,± 1,µM
Jing Liang 2020,ovarian carcinoma,OVCAR3,Osthole,10.0,24h,81.0,± 6,µM
Jing Liang 2020,ovarian carcinoma,OVCAR3,Osthole,20.0,24h,65.0,± 1,µM
Jing Liang 2020,ovarian carcinoma,OVCAR3,Osthole,30.0,24h,64.0,± 0,µM
Jing Liang 2020,ovarian carcinoma,OVCAR3,Osthole,40.0,24h,59.0,± 5,µM
Jing Liang 2020,ovarian carcinoma,OVCAR3,Osthole,50.0,24h,56.0,± 1,µM
Jing Liang 2020,ovarian carcinoma,OVCAR3,Osthole,60.0,24h,47.0,± 2,µM
Jing Liang 2020,ovarian carcinoma,OVCAR3,Osthole,70.0,24h,47.0,± 1,µM
Jing Liang 2020,ovarian carcinoma,OVCAR3,Osthole,80.0,24h,40.0,± 6,µM
Hui Huang 2022,hepatocellular carcinoma,HCC-LM3,Osthole,1.0,24h,95.0,± 12,µM
Hui Huang 2022,hepatocellular carcinoma,HCC-LM3,Osthole,3.0,24h,85.0,± 7,µM
Hui Huang 2022,hepatocellular carcinoma,HCC-LM3,Osthole,10.0,24h,71.0,± 8,µM
Hui Huang 2022,hepatocellular carcinoma,HCC-LM3,Osthole,30.0,24h,60.0,± 11,µM
Hui Huang 2022,hepatocellular carcinoma,HCC-LM3,Osthole,1.0,48h,92.0,± 11,µM
Hui Huang 2022,hepatocellular carcinoma,HCC-LM3,Osthole,3.0,48h,75.0,± 12,µM
Hui Huang 2022,hepatocellular carcinoma,HCC-LM3,Osthole,10.0,48h,68.0,± 9,µM
Hui Huang 2022,hepatocellular carcinoma,HCC-LM3,Osthole,30.0,48h,59.0,± 7,µM
JIA Min2016,Osteosarcoma,SaOS-2,Osthole,0.0,24h,105.0,± 1,µM
JIA Min2016,Osteosarcoma,SaOS-2,Osthole,0.01,24h,110.0,± 2,µM
JIA Min2016,Osteosarcoma,SaOS-2,Osthole,0.1,24h,111.0,± 1,µM
JIA Min2016,Osteosarcoma,SaOS-2,Osthole,1.0,24h,107.0,± 1,µM
JIA Min2016,Osteosarcoma,SaOS-2,Osthole,10.0,24h,104.0,± 1,µM
JIA Min2016,Osteosarcoma,SaOS-2,Osthole,0.0,48h,109.0,± 1,µM
JIA Min2016,Osteosarcoma,SaOS-2,Osthole,0.01,48h,115.0,± 3,µM
JIA Min2016,Osteosarcoma,SaOS-2,Osthole,0.1,48h,117.0,± 1,µM
JIA Min2016,Osteosarcoma,SaOS-2,Osthole,1.0,48h,112.0,± 1,µM
JIA Min2016,Osteosarcoma,SaOS-2,Osthole,10.0,48h,110.0,± 3,µM
Yinlan Xu 2025,lung adenocarcinoma,A549,Osthole,20.47,24h,98.0,± 4,µM
Yinlan Xu 2025,lung adenocarcinoma,A549,Osthole,40.94,24h,88.0,± 5,µM
Yinlan Xu 2025,lung adenocarcinoma,A549,Osthole,81.87,24h,86.0,± 4,µM
Yinlan Xu 2025,lung adenocarcinoma,A549,Osthole,20.47,48h,96.0,± 3,µM
Yinlan Xu 2025,lung adenocarcinoma,A549,Osthole,40.94,48h,90.0,± 2,µM
Yinlan Xu 2025,lung adenocarcinoma,A549,Osthole,81.87,48h,83.0,± 1,µM
Yinlan Xu 2025,lung adenocarcinoma,A549,Osthole,20.47,72h,94.0,± 1,µM
Yinlan Xu 2025,lung adenocarcinoma,A549,Osthole,40.94,72h,83.0,± 3,µM
Yinlan Xu 2025,lung adenocarcinoma,A549,Osthole,81.87,72h,77.0,± 1,µM
 Linjun Yan 2025,Prostate cancer,Du145,Osthole,50.0,48h,48.0,± 4,µM
 Linjun Yan 2025,Prostate cancer,Du145,Osthole,100.0,48h,41.0,± 4,µM
 Linjun Yan 2025,Prostate cancer,Du145,Osthole,150.0,48h,40.0,± 1,µM
 Linjun Yan 2025,Prostate cancer,Du145,Osthole,200.0,48h,36.0,± 1,µM
 Linjun Yan 2025,Prostate cancer,Du145,Osthole,300.0,48h,1.0,± 0,µM
 Linjun Yan 2025,Prostate cancer,Du145,Osthole,400.0,48h,0.0,± 0,µM
 Linjun Yan 2025,Prostate cancer,Du145,Osthole,500.0,48h,0.0,± 0,µM
 Linjun Yan 2025,Prostate cancer,PC3,Osthole,50.0,48h,85.0,± 11,µM
 Linjun Yan 2025,Prostate cancer,PC3,Osthole,100.0,48h,83.0,± 11,µM
 Linjun Yan 2025,Prostate cancer,PC3,Osthole,150.0,48h,75.0,± 6,µM
 Linjun Yan 2025,Prostate cancer,PC3,Osthole,200.0,48h,60.0,± 0,µM
 Linjun Yan 2025,Prostate cancer,PC3,Osthole,300.0,48h,55.0,± 0,µM
 Linjun Yan 2025,Prostate cancer,PC3,Osthole,400.0,48h,18.0,± 0,µM
 Linjun Yan 2025,Prostate cancer,PC3,Osthole,500.0,48h,0.0,± 0,µM
 Linjun Yan 2025,Prostate cancer,22RV1,Osthole,50.0,48h,89.0,± 8,µM
 Linjun Yan 2025,Prostate cancer,22RV1,Osthole,100.0,48h,89.0,± 11,µM
 Linjun Yan 2025,Prostate cancer,22RV1,Osthole,150.0,48h,84.0,± 13,µM
 Linjun Yan 2025,Prostate cancer,22RV1,Osthole,200.0,48h,68.0,± 4,µM
 Linjun Yan 2025,Prostate cancer,22RV1,Osthole,300.0,48h,66.0,± 3,µM
 Linjun Yan 2025,Prostate cancer,22RV1,Osthole,400.0,48h,45.0,± 9,µM
 Linjun Yan 2025,Prostate cancer,22RV1,Osthole,500.0,48h,6.0,± 0,µM
Yinlan Xu2025,Lung cancer,A549,Osthole,81.87,12h,90.0,± 2,µM
Yinlan Xu2025,Lung cancer,A549,Osthole,40.94,12h,94.0,± 2,µM
Yinlan Xu2025,Lung cancer,A549,Osthole,20.47,12h,102.0,± 2,µM
Yinlan Xu2025,Lung cancer,A549,Osthole,10.23,12h,110.0,± 4,µM
Yinlan Xu2025,Lung cancer,A549,Osthole,5.12,12h,119.0,± 3,µM
Yinlan Xu2025,Lung cancer,A549,Osthole,81.87,24h,80.0,± 4,µM
Yinlan Xu2025,Lung cancer,A549,Osthole,40.94,24h,84.0,± 4,µM
Yinlan Xu2025,Lung cancer,A549,Osthole,20.47,24h,89.0,± 3,µM
Yinlan Xu2025,Lung cancer,A549,Osthole,10.23,24h,90.0,± 2,µM
Yinlan Xu2025,Lung cancer,A549,Osthole,5.12,24h,96.0,± 3,µM
Yinlan Xu2025,Lung cancer,A549,Osthole,81.87,36h,80.0,± 1,µM
Yinlan Xu2025,Lung cancer,A549,Osthole,40.94,36h,89.0,± 2,µM
Yinlan Xu2025,Lung cancer,A549,Osthole,20.47,36h,96.0,± 2,µM
Yinlan Xu2025,Lung cancer,A549,Osthole,10.23,36h,106.0,± 1,µM
Yinlan Xu2025,Lung cancer,A549,Osthole,5.12,36h,105.0,± 2,µM
Yinlan Xu2025,Lung cancer,A549,Osthole,81.87,48h,71.0,± 1,µM
Yinlan Xu2025,Lung cancer,A549,Osthole,40.94,48h,93.0,± 2,µM
Yinlan Xu2025,Lung cancer,A549,Osthole,20.47,48h,97.0,± 2,µM
Yinlan Xu2025,Lung cancer,A549,Osthole,10.23,48h,97.0,± 2,µM
Yinlan Xu2025,Lung cancer,A549,Osthole,5.12,48h,96.0,± 2,µM
Yinlan Xu2025,Lung cancer,A549,Osthole,81.87,60h,65.0,± 1,µM
Yinlan Xu2025,Lung cancer,A549,Osthole,40.94,60h,85.0,± 2,µM
Yinlan Xu2025,Lung cancer,A549,Osthole,20.47,60h,94.0,± 3,µM
Yinlan Xu2025,Lung cancer,A549,Osthole,10.23,60h,92.0,± 1,µM
Yinlan Xu2025,Lung cancer,A549,Osthole,5.12,60h,97.0,± 2,µM
Yinlan Xu2025,Lung cancer,A549,Osthole,81.87,72h,67.0,± 4,µM
Yinlan Xu2025,Lung cancer,A549,Osthole,40.94,72h,94.0,± 3,µM
Yinlan Xu2025,Lung cancer,A549,Osthole,20.47,72h,100.0,± 1,µM
Yinlan Xu2025,Lung cancer,A549,Osthole,10.23,72h,99.0,± 4,µM
Yinlan Xu2025,Lung cancer,A549,Osthole,5.12,72h,99.0,± 2,µM
Tian Le Zou 2019,gallbladder cancer,NOZ,Osthole,25.0,24h,97.0,± 0,µM
Tian Le Zou 2019,gallbladder cancer,NOZ,Osthole,50.0,24h,93.0,± 0,µM
Tian Le Zou 2019,gallbladder cancer,NOZ,Osthole,100.0,24h,74.0,± 0,µM
Tian Le Zou 2019,gallbladder cancer,NOZ,Osthole,150.0,24h,49.0,± 3,µM
Tian Le Zou 2019,gallbladder cancer,NOZ,Osthole,200.0,24h,32.0,± 0,µM
Tian Le Zou 2019,gallbladder cancer,NOZ,Osthole,25.0,48h,91.0,± 2,µM
Tian Le Zou 2019,gallbladder cancer,NOZ,Osthole,50.0,48h,76.0,± 2,µM
Tian Le Zou 2019,gallbladder cancer,NOZ,Osthole,100.0,48h,46.0,± 4,µM
Tian Le Zou 2019,gallbladder cancer,NOZ,Osthole,150.0,48h,31.0,± 0,µM
Tian Le Zou 2019,gallbladder cancer,NOZ,Osthole,200.0,48h,12.0,± 0,µM
Tian Le Zou 2019,gallbladder cancer,NOZ,Osthole,25.0,72h,83.0,± 2,µM
Tian Le Zou 2019,gallbladder cancer,NOZ,Osthole,50.0,72h,60.0,± 0,µM
Tian Le Zou 2019,gallbladder cancer,NOZ,Osthole,100.0,72h,25.0,± 0,µM
Tian Le Zou 2019,gallbladder cancer,NOZ,Osthole,150.0,72h,14.0,± 0,µM
Tian Le Zou 2019,gallbladder cancer,NOZ,Osthole,200.0,72h,6.0,± 0,µM
Tian Le Zou 2019,gallbladder cancer,SGC-996,Osthole,25.0,24h,95.0,± 0,µM
Tian Le Zou 2019,gallbladder cancer,SGC-996,Osthole,50.0,24h,96.0,± 3,µM
Tian Le Zou 2019,gallbladder cancer,SGC-996,Osthole,100.0,24h,84.0,± 0,µM
Tian Le Zou 2019,gallbladder cancer,SGC-996,Osthole,150.0,24h,71.0,± 0,µM
Tian Le Zou 2019,gallbladder cancer,SGC-996,Osthole,200.0,24h,29.0,± 0,µM
Tian Le Zou 2019,gallbladder cancer,SGC-996,Osthole,25.0,48h,96.0,± 0,µM
Tian Le Zou 2019,gallbladder cancer,SGC-996,Osthole,50.0,48h,95.0,± 2,µM
Tian Le Zou 2019,gallbladder cancer,SGC-996,Osthole,100.0,48h,74.0,± 0,µM
Tian Le Zou 2019,gallbladder cancer,SGC-996,Osthole,150.0,48h,60.0,± 2,µM
Tian Le Zou 2019,gallbladder cancer,SGC-996,Osthole,200.0,48h,18.0,± 0,µM
Tian Le Zou 2019,gallbladder cancer,SGC-996,Osthole,25.0,72h,92.0,± 4,µM
Tian Le Zou 2019,gallbladder cancer,SGC-996,Osthole,50.0,72h,88.0,± 8,µM
Tian Le Zou 2019,gallbladder cancer,SGC-996,Osthole,100.0,72h,54.0,± 6,µM
Tian Le Zou 2019,gallbladder cancer,SGC-996,Osthole,150.0,72h,43.0,± 6,µM
Tian Le Zou 2019,gallbladder cancer,SGC-996,Osthole,200.0,72h,8.0,± 0,µM
