Author,Cancer,Cell Line,Coumarin,Dose,Time,Viability
Abolhassani et al.,prostate,PC-3,Auraptene,5.0,48,93.33
Abolhassani et al.,prostate,PC-3,Auraptene,10.0,48,94.5
Abolhassani et al.,prostate,PC-3,Auraptene,20.0,48,92.15
Abolhassani et al.,prostate,PC-3,Auraptene,40.0,48,85.88
Abolhassani et al.,prostate,PC-3,Auraptene,80.0,48,65.88
Abolhassani et al.,prostate,PC-3,Auraptene,5.0,72,93.72
Abolhassani et al.,prostate,PC-3,Auraptene,10.0,72,85.88
Abolhassani et al.,prostate,PC-3,Auraptene,20.0,72,83.13
Abolhassani et al.,prostate,PC-3,Auraptene,40.0,72,76.86
Abolhassani et al.,prostate,PC-3,Auraptene,80.0,72,64.31
Abolhassani et al.,prostate,PC-3,Auraptene,5.0,96,92.94
Abolhassani et al.,prostate,PC-3,Auraptene,10.0,96,85.49
Abolhassani et al.,prostate,PC-3,Auraptene,20.0,96,81.56
Abolhassani et al.,prostate,PC-3,Auraptene,40.0,96,78.43
Abolhassani et al.,prostate,PC-3,Auraptene,80.0,96,49.41
Abolhassani et al.,prostate,PC-3,Auraptene,5.0,120,86.66
Abolhassani et al.,prostate,PC-3,Auraptene,10.0,120,81.17
Abolhassani et al.,prostate,PC-3,Auraptene,20.0,120,77.64
Abolhassani et al.,prostate,PC-3,Auraptene,40.0,120,73.72
Abolhassani et al.,prostate,PC-3,Auraptene,80.0,120,42.35
Abolhassani et al.,prostate,PC-3,Auraptene,5.0,144,79.6
Abolhassani et al.,prostate,PC-3,Auraptene,10.0,144,76.47
Abolhassani et al.,prostate,PC-3,Auraptene,20.0,144,73.72
Abolhassani et al.,prostate,PC-3,Auraptene,40.0,144,70.58
Abolhassani et al.,prostate,PC-3,Auraptene,80.0,144,34.9
Bagheri et al.,leukemia:lymphoma,MT-2,Auraptene,16.7,24,99.25
Bagheri et al.,leukemia:lymphoma,MT-2,Auraptene,67.0,24,99.04
Bagheri et al.,leukemia:lymphoma,MT-2,Auraptene,134.0,24,97.71
Bagheri et al.,leukemia:lymphoma,MT-2,Auraptene,33.5,48,96.98
Bagheri et al.,leukemia:lymphoma,MT-2,Auraptene,67.0,48,84.53
Bagheri et al.,leukemia:lymphoma,MT-2,Auraptene,134.0,48,76.37
Bagheri et al.,leukemia:lymphoma,MT-2,Auraptene,67.0,72,87.02
Bagheri et al.,leukemia:lymphoma,MT-2,Auraptene,134.0,72,75.27
Bagheri et al.,leukemia:lymphoma,MT-2,Auraptene,16.7,96,80.24
Bagheri et al.,leukemia:lymphoma,MT-2,Auraptene,33.5,96,78.18
Bagheri et al.,leukemia:lymphoma,MT-2,Auraptene,67.0,96,62.05
Bagheri et al.,leukemia:lymphoma,MT-2,Auraptene,134.0,96,45.63
Bagheri et al.,leukemia:lymphoma,MT-2,Auraptene,16.7,120,91.8
Bagheri et al.,leukemia:lymphoma,MT-2,Auraptene,33.5,120,82.35
Bagheri et al.,leukemia:lymphoma,MT-2,Auraptene,67.0,120,60.04
Bagheri et al.,leukemia:lymphoma,MT-2,Auraptene,134.0,120,47.54
Bagheri et al.,leukemia:lymphoma,MT-2,Auraptene,16.7,144,88.86
Bagheri et al.,leukemia:lymphoma,MT-2,Auraptene,33.5,144,78.25
Bagheri et al.,leukemia:lymphoma,MT-2,Auraptene,67.0,144,56.34
Bagheri et al.,leukemia:lymphoma,MT-2,Auraptene,134.0,144,40.24
Charmforoshan et al.,breast,MCF-7,Auraptene,103.8,48,75.0
Charmforoshan et al.,breast,MCF-7,Auraptene,207.7,48,49.24
Charmforoshan et al.,breast,MCF-7,Auraptene,415.5,48,30.8
Charmforoshan et al.,breast,MCF-7,Auraptene,838.0,48,16.16
Epifano et al.,colon,HCT-116,Auraptene,2.5,72,86.41
Epifano et al.,colon,HCT-116,Auraptene,5.0,72,84.9
Epifano et al.,colon,HCT-116,Auraptene,10.0,72,70.18
Epifano et al.,colon,HCT-116,Auraptene,20.0,72,56.6
Epifano et al.,colon,HCT-116,Auraptene,40.0,72,45.66
Epifano et al.,colon,HT-29,Auraptene,2.5,72,90.94
Epifano et al.,colon,HT-29,Auraptene,5.0,72,86.41
Epifano et al.,colon,HT-29,Auraptene,10.0,72,75.09
Epifano et al.,colon,HT-29,Auraptene,20.0,72,55.09
Epifano et al.,colon,HT-29,Auraptene,40.0,72,28.3
Epifano et al.,glioma,SHSY-5Y,Auraptene,12.25,24,81.44
Epifano et al.,glioma,SHSY-5Y,Auraptene,25.0,24,75.34
Epifano et al.,glioma,SHSY-5Y,Auraptene,50.0,24,62.04
Gkionis et al.,breast,MCF-7,Auraptene,1.0,48,99.11
Gkionis et al.,breast,MCF-7,Auraptene,10.0,48,89.91
Gkionis et al.,breast,MCF-7,Auraptene,50.0,48,70.91
Gkionis et al.,breast,MCF-7,Auraptene,100.0,48,26.11
Goudarzi et al.,leukemia:lymphoma,MT-2,Auraptene,10.0,48,99.7
Goudarzi et al.,leukemia:lymphoma,MT-2,Auraptene,20.0,48,100.0
Goudarzi et al.,leukemia:lymphoma,MT-2,Auraptene,10.0,72,97.8
Goudarzi et al.,leukemia:lymphoma,MT-2,Auraptene,20.0,72,95.7
Goudarzi et al.,leukemia:lymphoma,MT-2,Auraptene,40.0,72,79.2
Goudarzi et al.,leukemia:lymphoma,MT-2,Auraptene,10.0,96,81.2
Goudarzi et al.,leukemia:lymphoma,MT-2,Auraptene,20.0,96,87.3
Goudarzi et al.,leukemia:lymphoma,MT-2,Auraptene,40.0,96,76.0
Hosseini et al.,bone,MG-63,Auraptene,25.0,24,99.8
Hosseini et al.,bone,MG-63,Auraptene,50.0,24,95.7
Hosseini et al.,bone,MG-63,Auraptene,100.0,24,91.3
Hosseini et al.,bone,MG-63,Auraptene,25.0,48,99.7
Hosseini et al.,bone,MG-63,Auraptene,50.0,48,93.5
Hosseini et al.,bone,MG-63,Auraptene,100.0,48,90.2
Jalilzade et al.,colon,HT-29,Auraptene,50.0,24,84.99
Jalilzade et al.,colon,HT-29,Auraptene,100.0,24,75.42
Jalilzade et al.,colon,HT-29,Auraptene,12.5,48,80.44
Jalilzade et al.,colon,HT-29,Auraptene,25.0,48,61.85
Jalilzade et al.,colon,HT-29,Auraptene,50.0,48,50.7
Jalilzade et al.,colon,HT-29,Auraptene,100.0,48,38.76
Jalilzade et al.,colon,HT-29,Auraptene,12.5,72,76.01
Jalilzade et al.,colon,HT-29,Auraptene,25.0,72,59.12
Jalilzade et al.,colon,HT-29,Auraptene,50.0,72,46.89
Jalilzade et al.,colon,HT-29,Auraptene,100.0,72,42.52
Jamialahmadi et al.,ovarian,A2780,Auraptene,3.13,24,88.38
Jamialahmadi et al.,ovarian,A2780,Auraptene,6.25,24,82.32
Jamialahmadi et al.,ovarian,A2780,Auraptene,12.5,24,71.21
Jamialahmadi et al.,ovarian,A2780,Auraptene,25.0,24,55.34
Jamialahmadi et al.,ovarian,A2780,Auraptene,50.0,24,41.59
Jamialahmadi et al.,ovarian,A2780,Auraptene,100.0,24,22.53
Jamialahmadi et al.,cervical,HeLa,Auraptene,3.13,24,88.35
Jamialahmadi et al.,cervical,HeLa,Auraptene,6.25,24,85.44
Jamialahmadi et al.,cervical,HeLa,Auraptene,12.5,24,72.25
Jamialahmadi et al.,cervical,HeLa,Auraptene,25.0,24,69.04
Jamialahmadi et al.,cervical,HeLa,Auraptene,50.0,24,64.28
Jamialahmadi et al.,cervical,HeLa,Auraptene,100.0,24,18.78
Jun et al.,leukemia:lymphoma,Jurkat T,Auraptene,16.8,20,98.6
Jun et al.,leukemia:lymphoma,Jurkat T,Auraptene,33.6,20,87.89
Jun et al.,leukemia:lymphoma,Jurkat T,Auraptene,50.4,20,61.28
Jun et al.,leukemia:lymphoma,Jurkat T,Auraptene,67.2,20,36.62
Jun et al.,leukemia:lymphoma,Jurkat T,Auraptene,100.8,20,15.92
Jun et al.,leukemia:lymphoma,Jurkat T,Auraptene,134.4,20,15.6
Krishnan et al.,breast,MCF-7,Auraptene,5.0,24,95.75
Krishnan et al.,breast,MCF-7,Auraptene,10.0,24,96.98
Krishnan et al.,breast,MCF-7,Auraptene,15.0,24,76.84
Krishnan et al.,breast,MCF-7,Auraptene,20.0,24,74.79
Krishnan et al.,breast,MCF-7,Auraptene,25.0,24,65.34
Krishnan et al.,breast,MCF-7,Auraptene,30.0,24,56.71
Krishnan et al.,breast,MCF-7,Auraptene,40.0,24,51.78
Krishnan et al.,breast,MCF-7,Auraptene,50.0,24,51.36
Krishnan et al.,breast,MDA-MB-231,Auraptene,1.0,24,89.04
Krishnan et al.,breast,MDA-MB-231,Auraptene,2.0,24,98.87
Krishnan et al.,breast,MDA-MB-231,Auraptene,10.0,24,68.25
Krishnan et al.,breast,MDA-MB-231,Auraptene,15.0,24,25.28
Krishnan et al.,breast,MDA-MB-231,Auraptene,20.0,24,18.82
Krishnan et al.,breast,MDA-MB-231,Auraptene,25.0,24,15.73
Krishnan et al.,breast,MDA-MB-231,Auraptene,30.0,24,15.16
Krishnan et al.,breast,MDA-MB-231,Auraptene,40.0,24,16.57
Krishnan et al.,breast,MDA-MB-231,Auraptene,50.0,24,17.97
Lee et al.,prostate,DU145,Auraptene,15.0,24,72.04
Lee et al.,prostate,DU145,Auraptene,30.0,24,60.21
Lee et al.,prostate,DU145,Auraptene,60.0,24,56.45
Lee et al.,prostate,DU145,Auraptene,90.0,24,41.03
Lee et al.,prostate,DU145,Auraptene,120.0,24,33.15
Lee et al.,prostate,LNCaP,Auraptene,15.0,24,87.81
Lee et al.,prostate,LNCaP,Auraptene,30.0,24,79.3
Lee et al.,prostate,LNCaP,Auraptene,60.0,24,70.34
Lee et al.,prostate,LNCaP,Auraptene,90.0,24,62.72
Lee et al.,prostate,LNCaP,Auraptene,120.0,24,57.34
Lee et al.,prostate,PC-3,Auraptene,15.0,24,99.68
Lee et al.,prostate,PC-3,Auraptene,30.0,24,80.42
Lee et al.,prostate,PC-3,Auraptene,60.0,24,63.39
Lee et al.,prostate,PC-3,Auraptene,90.0,24,60.48
Lee et al.,prostate,PC-3,Auraptene,120.0,24,43.68
Li et al.,liver,HCCLM3,Auraptene,50.0,16,85.97
Li et al.,liver,HCCLM3,Auraptene,100.0,16,78.06
Li et al.,liver,HCCLM3,Auraptene,150.0,16,65.31
Li et al.,liver,HCCLM3,Auraptene,200.0,16,60.84
Li et al.,liver,HLE ,Auraptene,50.0,16,82.02
Li et al.,liver,HLE ,Auraptene,100.0,16,71.56
Li et al.,liver,HLE ,Auraptene,150.0,16,63.39
Li et al.,liver,HLE ,Auraptene,200.0,16,57.65
Moon et al.,gastric,AGS,Auraptene,12.5,48,92.84
Moon et al.,gastric,AGS,Auraptene,25.0,48,80.73
Moon et al.,gastric,AGS,Auraptene,50.0,48,48.44
Moon et al.,gastric,AGS,Auraptene,100.0,48,42.2
Moon et al.,gastric,MKN-45,Auraptene,50.0,48,67.88
Moon et al.,gastric,MKN-45,Auraptene,100.0,48,35.59
Moon et al.,gastric,SNU-1,Auraptene,12.5,48,66.42
Moon et al.,gastric,SNU-1,Auraptene,25.0,48,44.77
Moon et al.,gastric,SNU-1,Auraptene,50.0,48,29.35
Moon et al.,gastric,SNU-1,Auraptene,100.0,48,29.72
Moon et al.,gastric,SNU-16,Auraptene,12.5,48,86.97
Moon et al.,gastric,SNU-16,Auraptene,25.0,48,84.4
Moon et al.,gastric,SNU-16,Auraptene,50.0,48,48.44
Moon et al.,gastric,SNU-16,Auraptene,100.0,48,44.03
Movaffagh et al.,gastric,MKN-45,Auraptene,16.7,24,93.61
Movaffagh et al.,gastric,MKN-45,Auraptene,33.4,24,85.81
Movaffagh et al.,gastric,MKN-45,Auraptene,66.8,24,78.95
Movaffagh et al.,gastric,MKN-45,Auraptene,133.6,24,52.0
Movaffagh et al.,gastric,MKN-45,Auraptene,16.7,48,92.67
Movaffagh et al.,gastric,MKN-45,Auraptene,33.4,48,79.9
Movaffagh et al.,gastric,MKN-45,Auraptene,66.8,48,53.19
Movaffagh et al.,gastric,MKN-45,Auraptene,133.6,48,37.58
Movaffagh et al.,gastric,MKN-45,Auraptene,16.7,72,97.87
Movaffagh et al.,gastric,MKN-45,Auraptene,33.4,72,91.48
Movaffagh et al.,gastric,MKN-45,Auraptene,66.8,72,60.04
Movaffagh et al.,gastric,MKN-45,Auraptene,133.6,72,44.2
Movaffagh et al.,gastric,MKN-45,Auraptene,16.7,96,84.86
Movaffagh et al.,gastric,MKN-45,Auraptene,33.4,96,69.97
Movaffagh et al.,gastric,MKN-45,Auraptene,66.8,96,65.01
Movaffagh et al.,gastric,MKN-45,Auraptene,133.6,96,43.26
Movaffagh et al.,gastric,MKN-45,Auraptene,16.7,120,74.94
Movaffagh et al.,gastric,MKN-45,Auraptene,33.4,120,72.1
Movaffagh et al.,gastric,MKN-45,Auraptene,66.8,120,69.97
Movaffagh et al.,gastric,MKN-45,Auraptene,133.6,120,41.13
Pulido-Capiz et al.,breast,MCF-7,Auraptene,35.0,48,92.86
Pulido-Capiz et al.,breast,MCF-7,Auraptene,50.0,48,32.27
Pulido-Capiz et al.,breast,MCF-7,Auraptene,75.0,48,22.41
Pulido-Capiz et al.,breast,MCF-7,Auraptene,100.0,48,24.38
Shiran et al.,breast,MDA-MB-231,Auraptene,6.25,24,94.44
Shiran et al.,breast,MDA-MB-231,Auraptene,12.5,24,92.59
Shiran et al.,breast,MDA-MB-231,Auraptene,25.0,24,87.03
Shiran et al.,breast,MDA-MB-231,Auraptene,50.0,24,84.07
Shiran et al.,breast,MDA-MB-231,Auraptene,100.0,24,58.14
Shiran et al.,breast,MDA-MB-231,Auraptene,200.0,24,41.48
Suthiphasilp et al.,lung,A549,Auraptene,6.25,24,99.08
Suthiphasilp et al.,lung,A549,Auraptene,12.5,24,96.19
Suthiphasilp et al.,lung,A549,Auraptene,25.0,24,41.03
Suthiphasilp et al.,lung,A549,Auraptene,50.0,24,6.47
Suthiphasilp et al.,lung,A549,Auraptene,100.0,24,5.21
Suthiphasilp et al.,leukemia:lymphoma,K562,Auraptene,6.25,24,82.72
Suthiphasilp et al.,leukemia:lymphoma,K562,Auraptene,12.5,24,78.88
Suthiphasilp et al.,leukemia:lymphoma,K562,Auraptene,25.0,24,64.25
Suthiphasilp et al.,leukemia:lymphoma,K562,Auraptene,50.0,24,33.18
Suthiphasilp et al.,leukemia:lymphoma,K562,Auraptene,100.0,24,24.88
Suthiphasilp et al.,colon,SW480,Auraptene,6.25,24,99.46
Suthiphasilp et al.,colon,SW480,Auraptene,12.5,24,95.07
Suthiphasilp et al.,colon,SW480,Auraptene,25.0,24,75.78
Suthiphasilp et al.,colon,SW480,Auraptene,50.0,24,46.24
Suthiphasilp et al.,colon,SW480,Auraptene,100.0,24,5.71
Tang et al.,prostate,DU145,Auraptene,230.0,72,66.62
Tang et al.,prostate,DU145,Auraptene,250.0,72,60.16
Tang et al.,prostate,DU145,Auraptene,270.0,72,41.47
Tang et al.,prostate,DU145,Auraptene,290.0,72,13.59
Tang et al.,prostate,LNCaP,Auraptene,230.0,72,78.64
Tang et al.,prostate,LNCaP,Auraptene,250.0,72,75.59
Tang et al.,prostate,LNCaP,Auraptene,270.0,72,55.25
Tang et al.,prostate,LNCaP,Auraptene,290.0,72,47.11
Tang et al.,prostate,PC-3,Auraptene,230.0,72,73.14
Tang et al.,prostate,PC-3,Auraptene,250.0,72,58.98
Tang et al.,prostate,PC-3,Auraptene,270.0,72,45.5
Tang et al.,prostate,PC-3,Auraptene,290.0,72,37.41
Arora et al.,pancreatic,AsPc-1,Esculetin,100.0,24,80.2
Arora et al.,pancreatic,AsPc-1,Esculetin,200.0,24,77.8
Arora et al.,pancreatic,AsPc-1,Esculetin,300.0,24,72.2
Arora et al.,pancreatic,AsPc-1,Esculetin,500.0,24,69.8
Arora et al.,pancreatic,AsPc-1,Esculetin,100.0,48,46.36
Arora et al.,pancreatic,AsPc-1,Esculetin,200.0,48,45.83
Arora et al.,pancreatic,AsPc-1,Esculetin,300.0,48,43.69
Arora et al.,pancreatic,AsPc-1,Esculetin,500.0,48,42.1
Arora et al.,pancreatic,AsPc-1,Esculetin,100.0,72,41.56
Arora et al.,pancreatic,AsPc-1,Esculetin,200.0,72,42.1
Arora et al.,pancreatic,AsPc-1,Esculetin,300.0,72,38.63
Arora et al.,pancreatic,AsPc-1,Esculetin,500.0,72,34.9
Arora et al.,pancreatic,MIA-PACA-2 ,Esculetin,100.0,24,74.34
Arora et al.,pancreatic,MIA-PACA-2 ,Esculetin,200.0,24,57.88
Arora et al.,pancreatic,MIA-PACA-2 ,Esculetin,300.0,24,48.58
Arora et al.,pancreatic,MIA-PACA-2 ,Esculetin,500.0,24,43.81
Arora et al.,pancreatic,MIA-PACA-2 ,Esculetin,100.0,48,74.87
Arora et al.,pancreatic,MIA-PACA-2 ,Esculetin,200.0,48,41.15
Arora et al.,pancreatic,MIA-PACA-2 ,Esculetin,300.0,48,22.04
Arora et al.,pancreatic,MIA-PACA-2 ,Esculetin,500.0,48,17.52
Arora et al.,pancreatic,MIA-PACA-2 ,Esculetin,100.0,72,49.91
Arora et al.,pancreatic,MIA-PACA-2 ,Esculetin,200.0,72,32.92
Arora et al.,pancreatic,MIA-PACA-2 ,Esculetin,300.0,72,26.02
Arora et al.,pancreatic,MIA-PACA-2 ,Esculetin,500.0,72,18.05
Arora et al.,pancreatic,PANC-1,Esculetin,100.0,24,68.5
Arora et al.,pancreatic,PANC-1,Esculetin,200.0,24,68.21
Arora et al.,pancreatic,PANC-1,Esculetin,300.0,24,59.83
Arora et al.,pancreatic,PANC-1,Esculetin,500.0,24,56.07
Arora et al.,pancreatic,PANC-1,Esculetin,100.0,48,55.49
Arora et al.,pancreatic,PANC-1,Esculetin,200.0,48,45.09
Arora et al.,pancreatic,PANC-1,Esculetin,300.0,48,42.49
Arora et al.,pancreatic,PANC-1,Esculetin,500.0,48,41.33
Arora et al.,pancreatic,PANC-1,Esculetin,100.0,72,42.2
Arora et al.,pancreatic,PANC-1,Esculetin,200.0,72,28.03
Arora et al.,pancreatic,PANC-1,Esculetin,300.0,72,25.43
Arora et al.,pancreatic,PANC-1,Esculetin,500.0,72,20.23
Chang et al.,breast,MCF-7,Esculetin,20.0,24,85.09
Chang et al.,breast,MCF-7,Esculetin,40.0,24,57.88
Chang et al.,breast,MCF-7,Esculetin,60.0,24,40.19
Chang et al.,breast,MCF-7,Esculetin,80.0,24,32.01
Chang et al.,breast,MCF-7,Esculetin,100.0,24,14.31
Chang et al.,breast,MDA-MB-231,Esculetin,20.0,24,91.91
Chang et al.,breast,MDA-MB-231,Esculetin,40.0,24,62.39
Chang et al.,breast,MDA-MB-231,Esculetin,60.0,24,34.16
Chang et al.,breast,MDA-MB-231,Esculetin,80.0,24,12.14
Chang et al.,breast,MDA-MB-231,Esculetin,100.0,24,2.75
Chang et al.,breast,ZR-75-1,Esculetin,20.0,24,84.63
Chang et al.,breast,ZR-75-1,Esculetin,40.0,24,55.5
Chang et al.,breast,ZR-75-1,Esculetin,60.0,24,27.19
Chang et al.,breast,ZR-75-1,Esculetin,80.0,24,8.27
Chang et al.,breast,ZR-75-1,Esculetin,100.0,24,2.88
Cho et al.,oral,HN22,Esculetin,14.03,24,93.67
Cho et al.,oral,HN22,Esculetin,28.07,24,84.17
Cho et al.,oral,HN22,Esculetin,56.14,24,50.5
Cho et al.,oral,HN22,Esculetin,84.2,24,53.09
Cho et al.,oral,HN22,Esculetin,112.27,24,50.07
Cho et al.,oral,HN22,Esculetin,14.03,48,78.13
Cho et al.,oral,HN22,Esculetin,28.07,48,65.18
Cho et al.,oral,HN22,Esculetin,56.14,48,53.09
Cho et al.,oral,HN22,Esculetin,84.2,48,40.14
Cho et al.,oral,HN22,Esculetin,112.27,48,25.04
Cho et al.,oral,HSC4,Esculetin,14.03,24,94.53
Cho et al.,oral,HSC4,Esculetin,28.07,24,79.86
Cho et al.,oral,HSC4,Esculetin,56.14,24,66.91
Cho et al.,oral,HSC4,Esculetin,84.2,24,59.57
Cho et al.,oral,HSC4,Esculetin,112.27,24,54.39
Cho et al.,oral,HSC4,Esculetin,14.03,48,74.68
Cho et al.,oral,HSC4,Esculetin,28.07,48,59.57
Cho et al.,oral,HSC4,Esculetin,56.14,48,48.35
Cho et al.,oral,HSC4,Esculetin,84.2,48,40.58
Cho et al.,oral,HSC4,Esculetin,112.27,48,31.08
Choi et al.,colon,LoVo,Esculetin,200.0,24,72.15
Choi et al.,colon,LoVo,Esculetin,200.0,48,56.87
Choi et al.,colon,LoVo,Esculetin,200.0,72,16.93
Choi et al.,colon,LoVo,Esculetin,400.0,24,63.13
Choi et al.,colon,LoVo,Esculetin,400.0,48,49.69
Choi et al.,colon,LoVo,Esculetin,400.0,72,13.44
Choi et al.,colon,LoVo,Esculetin,600.0,24,56.13
Choi et al.,colon,LoVo,Esculetin,600.0,48,32.94
Choi et al.,colon,LoVo,Esculetin,600.0,72,11.41
Duan et al.,renal,786-O,Esculetin,140.34,24,98.78
Duan et al.,renal,786-O,Esculetin,280.68,24,63.28
Duan et al.,renal,786-O,Esculetin,561.36,24,57.88
Duan et al.,renal,786-O,Esculetin,1122.71,24,42.06
Duan et al.,renal,786-O,Esculetin,70.17,48,80.26
Duan et al.,renal,786-O,Esculetin,140.34,48,70.61
Duan et al.,renal,786-O,Esculetin,280.68,48,51.7
Duan et al.,renal,786-O,Esculetin,561.36,48,30.87
Duan et al.,renal,786-O,Esculetin,1122.71,48,26.24
Duan et al.,renal,SN12-PM6,Esculetin,70.17,24,93.38
Duan et al.,renal,SN12-PM6,Esculetin,140.34,24,94.92
Duan et al.,renal,SN12-PM6,Esculetin,280.68,24,84.12
Duan et al.,renal,SN12-PM6,Esculetin,561.36,24,74.08
Duan et al.,renal,SN12-PM6,Esculetin,1122.71,24,55.56
Duan et al.,renal,SN12-PM6,Esculetin,70.17,48,88.36
Duan et al.,renal,SN12-PM6,Esculetin,140.34,48,79.49
Duan et al.,renal,SN12-PM6,Esculetin,280.68,48,66.75
Duan et al.,renal,SN12-PM6,Esculetin,561.36,48,57.49
Duan et al.,renal,SN12-PM6,Esculetin,1122.71,48,45.14
Jeon et al.,oral,HN22,Esculetin,28.07,24,88.59
Jeon et al.,oral,HN22,Esculetin,56.14,24,57.66
Jeon et al.,oral,HN22,Esculetin,112.27,24,30.0
Jeon et al.,oral,HN22,Esculetin,28.07,48,73.13
Jeon et al.,oral,HN22,Esculetin,56.14,48,50.16
Jeon et al.,oral,HN22,Esculetin,112.27,48,25.78
Jeon et al.,oral,HSC2,Esculetin,28.07,24,81.56
Jeon et al.,oral,HSC2,Esculetin,56.14,24,70.31
Jeon et al.,oral,HSC2,Esculetin,112.27,24,45.94
Jeon et al.,oral,HSC2,Esculetin,28.07,48,59.06
Jeon et al.,oral,HSC2,Esculetin,56.14,48,49.22
Jeon et al.,oral,HSC2,Esculetin,112.27,48,30.47
Khunluck et al.,cholangiocarcinoma,KKU-100,Esculetin,0.01,24,92.63
Khunluck et al.,cholangiocarcinoma,KKU-100,Esculetin,0.1,24,85.12
Khunluck et al.,cholangiocarcinoma,KKU-100,Esculetin,1.0,24,93.31
Khunluck et al.,cholangiocarcinoma,KKU-100,Esculetin,10.0,24,82.39
Khunluck et al.,cholangiocarcinoma,KKU-100,Esculetin,30.0,24,81.98
Khunluck et al.,cholangiocarcinoma,KKU-100,Esculetin,100.0,24,52.42
Khunluck et al.,cholangiocarcinoma,KKU-100,Esculetin,0.01,48,98.54
Khunluck et al.,cholangiocarcinoma,KKU-100,Esculetin,0.1,48,98.96
Khunluck et al.,cholangiocarcinoma,KKU-100,Esculetin,1.0,48,100.0
Khunluck et al.,cholangiocarcinoma,KKU-100,Esculetin,10.0,48,92.25
Khunluck et al.,cholangiocarcinoma,KKU-100,Esculetin,30.0,48,71.07
Khunluck et al.,cholangiocarcinoma,KKU-100,Esculetin,100.0,48,24.53
Kim et al.,colon,HT-29,Esculetin,112.27,48,97.07
Kim et al.,colon,HT-29,Esculetin,224.54,48,61.09
Kim et al.,colon,HT-29,Esculetin,336.81,48,45.07
Kim et al.,colon,HT-29,Esculetin,449.08,48,32.82
Kim et al.,colon,HCT-116,Esculetin,20.0,24,98.84
Kim et al.,colon,HCT-116,Esculetin,40.0,24,90.62
Kim et al.,colon,HCT-116,Esculetin,60.0,24,64.73
Kim et al.,colon,HCT-116,Esculetin,80.0,24,45.56
Kim et al.,colon,HCT-116,Esculetin,100.0,24,32.37
Kim et al.,colon,HCT-116,Esculetin,20.0,48,97.1
Kim et al.,colon,HCT-116,Esculetin,40.0,48,67.47
Kim et al.,colon,HCT-116,Esculetin,60.0,48,42.07
Kim et al.,colon,HCT-116,Esculetin,80.0,48,16.43
Kim et al.,colon,HCT-116,Esculetin,100.0,48,11.95
Kim et al.,colon,HCT-116,Esculetin,20.0,72,84.65
Kim et al.,colon,HCT-116,Esculetin,40.0,72,66.22
Kim et al.,colon,HCT-116,Esculetin,60.0,72,27.88
Kim et al.,colon,HCT-116,Esculetin,80.0,72,13.69
Kim et al.,colon,HCT-116,Esculetin,100.0,72,9.46
Kim et al.,colon,SW480,Esculetin,20.0,24,100.0
Kim et al.,colon,SW480,Esculetin,40.0,24,94.76
Kim et al.,colon,SW480,Esculetin,60.0,24,75.48
Kim et al.,colon,SW480,Esculetin,80.0,24,63.57
Kim et al.,colon,SW480,Esculetin,100.0,24,49.52
Kim et al.,colon,SW480,Esculetin,20.0,48,95.24
Kim et al.,colon,SW480,Esculetin,40.0,48,85.24
Kim et al.,colon,SW480,Esculetin,60.0,48,67.38
Kim et al.,colon,SW480,Esculetin,80.0,48,46.43
Kim et al.,colon,SW480,Esculetin,100.0,48,30.95
Kim et al.,colon,SW480,Esculetin,20.0,72,90.48
Kim et al.,colon,SW480,Esculetin,40.0,72,84.76
Kim et al.,colon,SW480,Esculetin,60.0,72,52.38
Kim et al.,colon,SW480,Esculetin,80.0,72,33.1
Kim et al.,colon,SW480,Esculetin,100.0,72,24.29
Lee et al.,colon,DLD-1,Esculetin,20.0,72,93.52
Lee et al.,colon,DLD-1,Esculetin,40.0,72,67.22
Lee et al.,colon,DLD-1,Esculetin,60.0,72,55.48
Lee et al.,colon,DLD-1,Esculetin,80.0,72,43.96
Lee et al.,colon,HCT-116,Esculetin,20.0,72,84.88
Lee et al.,colon,HCT-116,Esculetin,40.0,72,67.67
Lee et al.,colon,HCT-116,Esculetin,60.0,72,49.53
Lee et al.,colon,HCT-116,Esculetin,80.0,72,33.02
Lee et al.,colon,HCT-15,Esculetin,20.0,72,91.12
Lee et al.,colon,HCT-15,Esculetin,40.0,72,72.34
Lee et al.,colon,HCT-15,Esculetin,60.0,72,48.62
Lee et al.,colon,HCT-15,Esculetin,80.0,72,30.79
Lee et al.,lung,NCI-H1299,Esculetin,140.34,24,77.96
Lee et al.,lung,NCI-H1299,Esculetin,280.68,24,61.22
Lee et al.,lung,NCI-H1299,Esculetin,561.36,24,49.39
Lee et al.,lung,NCI-H1299,Esculetin,842.03,24,42.86
Lee et al.,lung,NCI-H1299,Esculetin,140.34,48,69.8
Lee et al.,lung,NCI-H1299,Esculetin,280.68,48,57.14
Lee et al.,lung,NCI-H1299,Esculetin,561.36,48,38.78
Lee et al.,lung,NCI-H1299,Esculetin,842.03,48,24.08
Lee et al.,lung,NCI-H358,Esculetin,140.34,24,87.35
Lee et al.,lung,NCI-H358,Esculetin,280.68,24,62.86
Lee et al.,lung,NCI-H358,Esculetin,561.36,24,56.73
Lee et al.,lung,NCI-H358,Esculetin,842.03,24,41.63
Lee et al.,lung,NCI-H358,Esculetin,140.34,48,65.71
Lee et al.,lung,NCI-H358,Esculetin,280.68,48,43.27
Lee et al.,lung,NCI-H358,Esculetin,561.36,48,36.73
Lee et al.,lung,NCI-H358,Esculetin,842.03,48,24.9
Lee et al.,liver,HepG2,Esculetin,50.0,24,97.72
Lee et al.,liver,HepG2,Esculetin,100.0,24,99.09
Li et al.,lung,A549,Esculetin,2.54,24,93.19
Li et al.,lung,A549,Esculetin,4.98,24,85.26
Li et al.,lung,A549,Esculetin,9.95,24,64.65
Li et al.,lung,A549,Esculetin,20.01,24,50.66
Li et al.,lung,A549,Esculetin,40.02,24,48.39
Li et al.,lung,A549,Esculetin,2.49,36,86.96
Li et al.,lung,A549,Esculetin,5.03,36,77.13
Li et al.,lung,A549,Esculetin,10.06,36,55.39
Li et al.,lung,A549,Esculetin,20.07,36,38.19
Li et al.,lung,A549,Esculetin,40.08,36,32.89
Li et al.,lung,A549,Esculetin,2.54,48,82.42
Li et al.,lung,A549,Esculetin,5.03,48,70.32
Li et al.,lung,A549,Esculetin,10.11,48,46.88
Li et al.,lung,A549,Esculetin,20.01,48,29.3
Li et al.,lung,A549,Esculetin,40.02,48,23.06
Pan et al.,gastric,BGC-823,Esculetin,12.5,24,87.89
Pan et al.,gastric,BGC-823,Esculetin,25.0,24,75.79
Pan et al.,gastric,BGC-823,Esculetin,50.0,24,60.68
Pan et al.,gastric,BGC-823,Esculetin,100.0,24,48.59
Pan et al.,gastric,BGC-823,Esculetin,150.0,24,33.15
Pan et al.,gastric,BGC-823,Esculetin,12.5,48,83.19
Pan et al.,gastric,BGC-823,Esculetin,25.0,48,67.08
Pan et al.,gastric,BGC-823,Esculetin,50.0,48,54.98
Pan et al.,gastric,BGC-823,Esculetin,100.0,48,43.89
Pan et al.,gastric,BGC-823,Esculetin,150.0,48,25.11
Pan et al.,gastric,BGC-823,Esculetin,12.5,72,79.16
Pan et al.,gastric,BGC-823,Esculetin,25.0,72,58.37
Pan et al.,gastric,BGC-823,Esculetin,50.0,72,51.96
Pan et al.,gastric,BGC-823,Esculetin,100.0,72,40.2
Pan et al.,gastric,BGC-823,Esculetin,150.0,72,23.08
Park et al.,leukemia:lymphoma,U937,Esculetin,56.14,3,97.86
Park et al.,leukemia:lymphoma,U937,Esculetin,112.27,3,94.95
Park et al.,leukemia:lymphoma,U937,Esculetin,168.41,3,88.54
Park et al.,leukemia:lymphoma,U937,Esculetin,224.54,3,80.39
Park et al.,leukemia:lymphoma,U937,Esculetin,280.68,3,73.98
Park et al.,leukemia:lymphoma,U937,Esculetin,56.14,6,96.7
Park et al.,leukemia:lymphoma,U937,Esculetin,112.27,6,84.47
Park et al.,leukemia:lymphoma,U937,Esculetin,168.41,6,57.67
Park et al.,leukemia:lymphoma,U937,Esculetin,224.54,6,43.69
Park et al.,leukemia:lymphoma,U937,Esculetin,280.68,6,36.7
Park et al.,leukemia:lymphoma,U937,Esculetin,56.14,12,92.04
Park et al.,leukemia:lymphoma,U937,Esculetin,112.27,12,75.73
Park et al.,leukemia:lymphoma,U937,Esculetin,168.41,12,34.95
Park et al.,leukemia:lymphoma,U937,Esculetin,224.54,12,18.64
Park et al.,leukemia:lymphoma,U937,Esculetin,280.68,12,13.98
Park et al.,leukemia:lymphoma,U937,Esculetin,56.14,24,83.3
Park et al.,leukemia:lymphoma,U937,Esculetin,112.27,24,3.5
Park et al.,leukemia:lymphoma,U937,Esculetin,168.41,24,18.64
Park et al.,leukemia:lymphoma,U937,Esculetin,224.54,24,9.32
Park et al.,leukemia:lymphoma,U937,Esculetin,280.68,24,5.83
Park et al.,colon,HCT-116,Esculetin,140.34,24,79.37
Park et al.,colon,HCT-116,Esculetin,280.68,24,60.31
Park et al.,colon,HCT-116,Esculetin,561.36,24,43.5
Park et al.,colon,HCT-116,Esculetin,1122.71,24,21.75
Park et al.,colon,HCT-116,Esculetin,561.36,6,77.84
Park et al.,colon,HCT-116,Esculetin,561.36,12,58.38
Park et al.,salivary gland,A253,Esculetin,50.0,24,88.4
Park et al.,salivary gland,A253,Esculetin,100.0,24,68.4
Park et al.,salivary gland,A253,Esculetin,150.0,24,53.2
Park et al.,salivary gland,A253,Esculetin,50.0,48,61.2
Park et al.,salivary gland,A253,Esculetin,100.0,48,36.4
Park et al.,salivary gland,A253,Esculetin,150.0,48,30.0
Turkekul et al.,prostate,DU145,Esculetin,25.0,48,93.66
Turkekul et al.,prostate,DU145,Esculetin,75.0,48,69.83
Turkekul et al.,prostate,DU145,Esculetin,150.0,48,62.3
Turkekul et al.,prostate,DU145,Esculetin,300.0,48,53.1
Turkekul et al.,prostate,LNCaP,Esculetin,25.0,48,82.79
Turkekul et al.,prostate,LNCaP,Esculetin,75.0,48,61.46
Turkekul et al.,prostate,LNCaP,Esculetin,150.0,48,54.77
Turkekul et al.,prostate,LNCaP,Esculetin,300.0,48,53.1
Turkekul et al.,prostate,PC-3,Esculetin,9.4,24,91.15
Turkekul et al.,prostate,PC-3,Esculetin,18.8,24,89.06
Turkekul et al.,prostate,PC-3,Esculetin,37.5,24,88.64
Turkekul et al.,prostate,PC-3,Esculetin,75.0,24,85.3
Turkekul et al.,prostate,PC-3,Esculetin,150.0,24,82.37
Turkekul et al.,prostate,PC-3,Esculetin,300.0,24,80.7
Turkekul et al.,prostate,PC-3,Esculetin,600.0,24,69.83
Turkekul et al.,prostate,PC-3,Esculetin,9.4,48,90.31
Turkekul et al.,prostate,PC-3,Esculetin,18.8,48,81.11
Turkekul et al.,prostate,PC-3,Esculetin,37.5,48,70.66
Turkekul et al.,prostate,PC-3,Esculetin,75.0,48,56.86
Turkekul et al.,prostate,PC-3,Esculetin,150.0,48,53.1
Turkekul et al.,prostate,PC-3,Esculetin,300.0,48,38.89
Turkekul et al.,prostate,PC-3,Esculetin,600.0,48,35.54
Turkekul et al.,prostate,PC-3,Esculetin,9.4,72,91.15
Turkekul et al.,prostate,PC-3,Esculetin,18.8,72,68.15
Turkekul et al.,prostate,PC-3,Esculetin,37.5,72,48.08
Turkekul et al.,prostate,PC-3,Esculetin,75.0,72,35.96
Turkekul et al.,prostate,PC-3,Esculetin,150.0,72,28.85
Turkekul et al.,prostate,PC-3,Esculetin,300.0,72,25.92
Turkekul et al.,prostate,PC-3,Esculetin,600.0,72,19.23
Turkekul et al.,prostate,PC-3,Esculetin,25.0,48,83.21
Turkekul et al.,prostate,PC-3,Esculetin,75.0,48,56.86
Turkekul et al.,prostate,PC-3,Esculetin,150.0,48,52.68
Turkekul et al.,prostate,PC-3,Esculetin,300.0,48,38.47
Wang et al.,gastric,HGC-27,Esculetin,140.0,24,91.95
Wang et al.,gastric,HGC-27,Esculetin,280.0,24,84.95
Wang et al.,gastric,HGC-27,Esculetin,560.0,24,78.47
Wang et al.,gastric,HGC-27,Esculetin,850.0,24,57.62
Wang et al.,gastric,HGC-27,Esculetin,140.0,48,89.88
Wang et al.,gastric,HGC-27,Esculetin,280.0,48,86.27
Wang et al.,gastric,HGC-27,Esculetin,560.0,48,75.6
Wang et al.,gastric,HGC-27,Esculetin,850.0,48,57.89
Wang et al.,gastric,HGC-27,Esculetin,140.0,72,89.1
Wang et al.,gastric,HGC-27,Esculetin,280.0,72,82.36
Wang et al.,gastric,HGC-27,Esculetin,560.0,72,60.56
Wang et al.,gastric,HGC-27,Esculetin,850.0,72,62.34
Wroblewska-Luczka et al.,skin,A375,Esculetin,10.0,72,94.49
Wroblewska-Luczka et al.,skin,A375,Esculetin,20.0,72,80.16
Wroblewska-Luczka et al.,skin,A375,Esculetin,40.0,72,71.62
Wroblewska-Luczka et al.,skin,A375,Esculetin,50.0,72,62.53
Wroblewska-Luczka et al.,skin,A375,Esculetin,60.0,72,57.57
Wroblewska-Luczka et al.,skin,A375,Esculetin,100.0,72,29.75
Wroblewska-Luczka et al.,skin,A375,Esculetin,150.0,72,25.89
Wroblewska-Luczka et al.,skin,A375,Esculetin,200.0,72,27.27
Wroblewska-Luczka et al.,skin,FM55M2,Esculetin,2.0,72,89.58
Wroblewska-Luczka et al.,skin,FM55M2,Esculetin,10.0,72,70.41
Wroblewska-Luczka et al.,skin,FM55M2,Esculetin,20.0,72,46.84
Wroblewska-Luczka et al.,skin,FM55M2,Esculetin,40.0,72,22.73
Wroblewska-Luczka et al.,skin,FM55M2,Esculetin,50.0,72,18.9
Wroblewska-Luczka et al.,skin,FM55M2,Esculetin,60.0,72,18.63
Wroblewska-Luczka et al.,skin,FM55M2,Esculetin,100.0,72,19.17
Wroblewska-Luczka et al.,skin,FM55M2,Esculetin,150.0,72,15.61
Wroblewska-Luczka et al.,skin,FM55M2,Esculetin,200.0,72,13.97
Wroblewska-Luczka et al.,skin,FM55P,Esculetin,2.0,72,92.68
Wroblewska-Luczka et al.,skin,FM55P,Esculetin,10.0,72,78.04
Wroblewska-Luczka et al.,skin,FM55P,Esculetin,20.0,72,57.72
Wroblewska-Luczka et al.,skin,FM55P,Esculetin,40.0,72,34.39
Wroblewska-Luczka et al.,skin,FM55P,Esculetin,50.0,72,31.43
Wroblewska-Luczka et al.,skin,FM55P,Esculetin,60.0,72,28.45
Wroblewska-Luczka et al.,skin,FM55P,Esculetin,100.0,72,21.4
Wroblewska-Luczka et al.,skin,FM55P,Esculetin,150.0,72,21.4
Wroblewska-Luczka et al.,skin,FM55P,Esculetin,200.0,72,21.95
Wroblewska-Luczka et al.,skin,SK-MEL-28,Esculetin,2.0,72,96.16
Wroblewska-Luczka et al.,skin,SK-MEL-28,Esculetin,10.0,72,94.37
Wroblewska-Luczka et al.,skin,SK-MEL-28,Esculetin,20.0,72,81.84
Wroblewska-Luczka et al.,skin,SK-MEL-28,Esculetin,40.0,72,68.03
Wroblewska-Luczka et al.,skin,SK-MEL-28,Esculetin,50.0,72,66.24
Wroblewska-Luczka et al.,skin,SK-MEL-28,Esculetin,60.0,72,66.24
Wroblewska-Luczka et al.,skin,SK-MEL-28,Esculetin,100.0,72,53.45
Wroblewska-Luczka et al.,skin,SK-MEL-28,Esculetin,150.0,72,43.47
Wroblewska-Luczka et al.,skin,SK-MEL-28,Esculetin,200.0,72,39.89
Wu et al.,liver,HepG2,Esculetin,25.0,1,99.53
Wu et al.,liver,HepG2,Esculetin,100.0,1,98.82
Wu et al.,liver,HepG2,Esculetin,25.0,1,98.82
Wu et al.,liver,HepG2,Esculetin,50.0,1,95.97
Wu et al.,liver,HepG2,Esculetin,100.0,1,73.93
Wu et al.,liver,HepG2,Esculetin,200.0,1,56.16
Wu et al.,liver,HepG2,Esculetin,100.0,1,44.08
Wu et al.,liver,HepG2,Esculetin,200.0,1,36.26
Wu et al.,liver,HepG2,Esculetin,25.0,8,78.47
Wu et al.,liver,HepG2,Esculetin,50.0,8,59.72
Wu et al.,liver,HepG2,Esculetin,100.0,8,54.17
Wu et al.,liver,HepG2,Esculetin,200.0,8,45.14
Afsharzadeh et al.,prostate,LNCaP,Galbanic Acid,120.0,48,26.13
Afsharzadeh et al.,prostate,LNCaP,Galbanic Acid,100.0,48,42.66
Afsharzadeh et al.,prostate,LNCaP,Galbanic Acid,60.0,48,63.19
Afsharzadeh et al.,prostate,LNCaP,Galbanic Acid,40.0,48,76.8
Afsharzadeh et al.,prostate,LNCaP,Galbanic Acid,20.0,48,93.86
Afsharzadeh et al.,prostate,PC-3,Galbanic Acid,120.0,48,45.13
Afsharzadeh et al.,prostate,PC-3,Galbanic Acid,100.0,48,51.62
Afsharzadeh et al.,prostate,PC-3,Galbanic Acid,80.0,48,71.09
Afsharzadeh et al.,prostate,PC-3,Galbanic Acid,60.0,48,75.22
Afsharzadeh et al.,prostate,PC-3,Galbanic Acid,40.0,48,85.25
Afsharzadeh et al.,prostate,PC-3,Galbanic Acid,20.0,48,97.34
Ahmadi et al.,bone,MG-63,Galbanic Acid,25.0,24,95.5
Ahmadi et al.,bone,MG-63,Galbanic Acid,50.0,24,92.5
Ahmadi et al.,bone,MG-63,Galbanic Acid,100.0,24,80.5
Ahmadi et al.,bone,MG-63,Galbanic Acid,25.0,48,93.6
Ahmadi et al.,bone,MG-63,Galbanic Acid,50.0,48,90.6
Ahmadi et al.,bone,MG-63,Galbanic Acid,100.0,48,80.6
Chahardoli et al.,lung,H1229,Galbanic Acid,25.1,48,80.45
Chahardoli et al.,lung,H1229,Galbanic Acid,62.7,48,57.8
Chahardoli et al.,lung,H1229,Galbanic Acid,125.4,48,27.72
Chahardoli et al.,lung,H1229,Galbanic Acid,250.8,48,8.79
Chahardoli et al.,lung,H1229,Galbanic Acid,376.2,48,0.68
Chahardoli et al.,breast,MCF-7,Galbanic Acid,25.1,48,89.58
Chahardoli et al.,breast,MCF-7,Galbanic Acid,62.7,48,89.58
Chahardoli et al.,breast,MCF-7,Galbanic Acid,125.4,48,66.25
Chahardoli et al.,breast,MCF-7,Galbanic Acid,250.8,48,62.87
Chahardoli et al.,breast,MCF-7,Galbanic Acid,376.2,48,44.62
Eskandani et al.,lung,A549,Galbanic Acid,150.0,24,34.72
Eskandani et al.,lung,A549,Galbanic Acid,150.0,48,30.07
Eskandani et al.,lung,A549,Galbanic Acid,150.0,72,18.91
Eskandani et al.,lung,A549,Galbanic Acid,100.0,24,40.31
Eskandani et al.,lung,A549,Galbanic Acid,100.0,48,37.51
Eskandani et al.,lung,A549,Galbanic Acid,100.0,72,26.97
Eskandani et al.,lung,A549,Galbanic Acid,50.0,24,44.65
Eskandani et al.,lung,A549,Galbanic Acid,50.0,48,43.72
Eskandani et al.,lung,A549,Galbanic Acid,50.0,72,34.72
Eskandani et al.,lung,A549,Galbanic Acid,25.0,24,52.4
Eskandani et al.,lung,A549,Galbanic Acid,25.0,48,48.06
Eskandani et al.,lung,A549,Galbanic Acid,25.0,72,41.24
Eskandani et al.,lung,A549,Galbanic Acid,12.5,24,66.66
Eskandani et al.,lung,A549,Galbanic Acid,12.5,48,62.0
Eskandani et al.,lung,A549,Galbanic Acid,12.5,72,58.0
Farahi et al.,colon,HT-29,Galbanic Acid,100.0,24,6.05
Farahi et al.,colon,HT-29,Galbanic Acid,100.0,48,16.67
Farahi et al.,colon,HT-29,Galbanic Acid,100.0,72,2.39
Farahi et al.,colon,HT-29,Galbanic Acid,50.0,24,31.26
Farahi et al.,colon,HT-29,Galbanic Acid,50.0,48,55.78
Farahi et al.,colon,HT-29,Galbanic Acid,50.0,72,32.93
Farahi et al.,colon,HT-29,Galbanic Acid,25.0,24,71.21
Farahi et al.,colon,HT-29,Galbanic Acid,25.0,48,90.4
Farahi et al.,colon,HT-29,Galbanic Acid,25.0,72,85.1
Farahi et al.,colon,HT-29,Galbanic Acid,12.5,24,87.47
Farahi et al.,colon,HT-29,Galbanic Acid,12.5,48,92.37
Farahi et al.,colon,HT-29,Galbanic Acid,12.5,72,85.03
Goudarzi et al.,leukemia:lymphoma,MT-2,Galbanic Acid,20.0,48,94.4
Goudarzi et al.,leukemia:lymphoma,MT-2,Galbanic Acid,20.0,72,96.0
Goudarzi et al.,leukemia:lymphoma,MT-2,Galbanic Acid,20.0,96,93.8
Goudarzi et al.,leukemia:lymphoma,MT-2,Galbanic Acid,10.0,48,97.4
Goudarzi et al.,leukemia:lymphoma,MT-2,Galbanic Acid,10.0,72,92.2
Goudarzi et al.,leukemia:lymphoma,MT-2,Galbanic Acid,10.0,96,93.0
Hashemi et al.,ovarian,OVCAR-3,Galbanic Acid,100.0,24,4.94
Hashemi et al.,ovarian,OVCAR-3,Galbanic Acid,100.0,48,13.86
Hashemi et al.,ovarian,OVCAR-3,Galbanic Acid,100.0,72,9.96
Hashemi et al.,ovarian,OVCAR-3,Galbanic Acid,50.0,24,22.67
Hashemi et al.,ovarian,OVCAR-3,Galbanic Acid,50.0,48,72.87
Hashemi et al.,ovarian,OVCAR-3,Galbanic Acid,50.0,72,56.51
Hashemi et al.,ovarian,OVCAR-3,Galbanic Acid,25.0,24,73.14
Hashemi et al.,ovarian,OVCAR-3,Galbanic Acid,25.0,48,82.77
Hashemi et al.,ovarian,OVCAR-3,Galbanic Acid,25.0,72,68.91
Hashemi et al.,ovarian,OVCAR-3,Galbanic Acid,12.5,24,85.89
Hashemi et al.,ovarian,OVCAR-3,Galbanic Acid,12.5,48,92.31
Hashemi et al.,ovarian,OVCAR-3,Galbanic Acid,12.5,72,86.63
Hashemi et al.,colon,C26,Galbanic Acid,1.25,48,79.56
Hashemi et al.,colon,C26,Galbanic Acid,2.5,48,71.83
Hashemi et al.,colon,C26,Galbanic Acid,5.0,48,65.08
Hashemi et al.,colon,C26,Galbanic Acid,10.0,48,52.98
Hashemi et al.,colon,C26,Galbanic Acid,20.0,48,40.08
Hashemi et al.,colon,C26,Galbanic Acid,40.0,48,10.52
Jafari et al.,colon,Caco-2,Galbanic Acid,256.0,48,53.36
Jafari et al.,colon,Caco-2,Galbanic Acid,234.0,48,73.47
Jafari et al.,colon,Caco-2,Galbanic Acid,211.0,48,83.8
Jafari et al.,colon,Caco-2,Galbanic Acid,176.0,48,87.16
Jafari et al.,colon,Caco-2,Galbanic Acid,115.0,48,87.71
Jafari et al.,colon,Caco-2,Galbanic Acid,56.0,48,91.63
Kim et al.,lung,H460,Galbanic Acid,800.0,24,15.99
Kim et al.,lung,H460,Galbanic Acid,400.0,24,22.8
Kim et al.,lung,H460,Galbanic Acid,200.0,24,43.4
Kim et al.,lung,H460,Galbanic Acid,100.0,24,54.5
Kim et al.,lung,H460,Galbanic Acid,75.0,24,61.35
Kim et al.,lung,H460,Galbanic Acid,50.0,24,73.1
Kim et al.,lung,H460,Galbanic Acid,25.0,24,80.61
Kim et al.,lung,H460,Galbanic Acid,12.5,24,94.32
Mahdifar et al.,leukemia:lymphoma,MT-2,Galbanic Acid,5.0,24,99.09
Mahdifar et al.,leukemia:lymphoma,MT-2,Galbanic Acid,5.0,48,98.18
Mahdifar et al.,leukemia:lymphoma,MT-2,Galbanic Acid,5.0,72,97.95
Mahdifar et al.,leukemia:lymphoma,MT-2,Galbanic Acid,10.0,24,97.27
Mahdifar et al.,leukemia:lymphoma,MT-2,Galbanic Acid,10.0,48,93.41
Mahdifar et al.,leukemia:lymphoma,MT-2,Galbanic Acid,10.0,72,95.45
Mahdifar et al.,leukemia:lymphoma,MT-2,Galbanic Acid,20.0,24,93.86
Mahdifar et al.,leukemia:lymphoma,MT-2,Galbanic Acid,20.0,48,89.09
Mahdifar et al.,leukemia:lymphoma,MT-2,Galbanic Acid,20.0,72,92.5
Mahdifar et al.,leukemia:lymphoma,MT-2,Galbanic Acid,40.0,24,93.18
Mahdifar et al.,leukemia:lymphoma,MT-2,Galbanic Acid,40.0,48,71.3
Mahdifar et al.,leukemia:lymphoma,MT-2,Galbanic Acid,40.0,72,88.18
Mahdifar et al.,leukemia:lymphoma,MT-2,Galbanic Acid,80.0,24,82.6
Mahdifar et al.,leukemia:lymphoma,MT-2,Galbanic Acid,80.0,48,53.3
Mahdifar et al.,leukemia:lymphoma,MT-2,Galbanic Acid,80.0,72,78.0
Mohtashami et al.,prostate,DU145,Galbanic Acid,125.46,72,94.23
Mohtashami et al.,prostate,DU145,Galbanic Acid,62.73,72,93.22
Mohtashami et al.,prostate,DU145,Galbanic Acid,25.1,72,94.57
Mohtashami et al.,prostate,DU145,Galbanic Acid,2.51,72,96.27
Mohtashami et al.,prostate,LNCaP,Galbanic Acid,125.46,72,68.77
Mohtashami et al.,prostate,LNCaP,Galbanic Acid,62.73,72,96.67
Mohtashami et al.,prostate,LNCaP,Galbanic Acid,25.1,72,96.34
Mohtashami et al.,prostate,LNCaP,Galbanic Acid,2.51,72,98.0
Mohtashami et al.,prostate,PC-3,Galbanic Acid,125.46,72,96.1
Mohtashami et al.,prostate,PC-3,Galbanic Acid,62.73,72,95.71
Mohtashami et al.,prostate,PC-3,Galbanic Acid,25.1,72,96.88
Mohtashami et al.,prostate,PC-3,Galbanic Acid,2.51,72,98.44
Sajjadi et al.,breast,MCF-7,Galbanic Acid,627.34,48,9.22
Sajjadi et al.,breast,MCF-7,Galbanic Acid,313.67,48,22.13
Sajjadi et al.,breast,MCF-7,Galbanic Acid,156.84,48,43.76
Sajjadi et al.,breast,MCF-7,Galbanic Acid,78.42,48,77.6
Sajjadi et al.,breast,MDA-MB-231,Galbanic Acid,627.34,48,5.08
Sajjadi et al.,breast,MDA-MB-231,Galbanic Acid,313.67,48,17.81
Sajjadi et al.,breast,MDA-MB-231,Galbanic Acid,156.84,48,34.86
Sajjadi et al.,breast,MDA-MB-231,Galbanic Acid,78.42,48,70.22
Valiahdi et al.,lung,A549,Galbanic Acid,160.0,96,21.0
Valiahdi et al.,lung,A549,Galbanic Acid,82.0,96,76.71
Valiahdi et al.,lung,A549,Galbanic Acid,55.0,96,89.95
Valiahdi et al.,lung,A549,Galbanic Acid,28.0,96,91.32
Valiahdi et al.,ovarian,CH1,Galbanic Acid,82.0,96,31.4
Valiahdi et al.,ovarian,CH1,Galbanic Acid,55.0,96,69.08
Valiahdi et al.,ovarian,CH1,Galbanic Acid,28.0,96,80.19
Valiahdi et al.,melanoma,SK-MEL-28,Galbanic Acid,160.0,96,17.15
Valiahdi et al.,melanoma,SK-MEL-28,Galbanic Acid,82.0,96,61.27
Valiahdi et al.,melanoma,SK-MEL-28,Galbanic Acid,55.0,96,90.68
Zhang et al.,prostate,DU145,Galbanic Acid,120.0,72,57.75
Zhang et al.,prostate,DU145,Galbanic Acid,80.0,72,84.0
Zhang et al.,prostate,DU145,Galbanic Acid,40.0,72,100.0
Zhang et al.,prostate,DU145,Galbanic Acid,20.0,72,100.0
Zhang et al.,prostate,DU145,Galbanic Acid,10.0,72,100.0
Zhang et al.,prostate,LNCaP,Galbanic Acid,120.0,72,7.8
Zhang et al.,prostate,LNCaP,Galbanic Acid,80.0,72,51.0
Zhang et al.,prostate,LNCaP,Galbanic Acid,62.73,72,72.75
Zhang et al.,prostate,LNCaP,Galbanic Acid,20.0,72,88.12
Zhang et al.,prostate,LNCaP,Galbanic Acid,10.0,72,91.5
Zhang et al.,prostate,LNCaP,Galbanic Acid,40.0,72,72.75
Zhang et al.,prostate,PC-3,Galbanic Acid,120.0,72,75.34
Zhang et al.,prostate,PC-3,Galbanic Acid,80.0,72,100.0
Zhang et al.,prostate,PC-3,Galbanic Acid,40.0,72,100.0
Zhang et al.,prostate,PC-3,Galbanic Acid,20.0,72,100.0
Zhang et al.,prostate,PC-3,Galbanic Acid,10.0,72,100.0
Zhang et al.,lung,A549,Galbanic Acid,80.0,48,20.2
Zhang et al.,lung,A549,Galbanic Acid,60.0,48,36.91
Zhang et al.,lung,A549,Galbanic Acid,40.0,48,64.11
Zhang et al.,lung,A549,Galbanic Acid,20.0,48,81.21
Delbari et al.,leukemia:lymphoma,MT-2,Umbelliprenin,54.0,24,99.2
Delbari et al.,leukemia:lymphoma,MT-2,Umbelliprenin,82.0,24,98.4
Delbari et al.,leukemia:lymphoma,MT-2,Umbelliprenin,110.0,24,97.8
Delbari et al.,leukemia:lymphoma,MT-2,Umbelliprenin,136.0,24,97.0
Delbari et al.,leukemia:lymphoma,MT-2,Umbelliprenin,54.0,48,100.0
Delbari et al.,leukemia:lymphoma,MT-2,Umbelliprenin,82.0,48,99.3
Delbari et al.,leukemia:lymphoma,MT-2,Umbelliprenin,110.0,48,92.9
Delbari et al.,leukemia:lymphoma,MT-2,Umbelliprenin,136.0,48,83.4
Delbari et al.,leukemia:lymphoma,MT-2,Umbelliprenin,54.0,72,95.7
Delbari et al.,leukemia:lymphoma,MT-2,Umbelliprenin,82.0,72,84.6
Delbari et al.,leukemia:lymphoma,MT-2,Umbelliprenin,110.0,72,60.1
Delbari et al.,leukemia:lymphoma,MT-2,Umbelliprenin,136.0,72,54.5
Ebrahimi et al.,leukemia:lymphoma,MT-2,Umbelliprenin,13.65,24,97.0
Ebrahimi et al.,leukemia:lymphoma,MT-2,Umbelliprenin,27.3,24,96.67
Ebrahimi et al.,leukemia:lymphoma,MT-2,Umbelliprenin,54.6,24,95.0
Ebrahimi et al.,leukemia:lymphoma,MT-2,Umbelliprenin,109.2,24,92.67
Ebrahimi et al.,leukemia:lymphoma,MT-2,Umbelliprenin,13.65,48,98.67
Ebrahimi et al.,leukemia:lymphoma,MT-2,Umbelliprenin,27.3,48,98.0
Ebrahimi et al.,leukemia:lymphoma,MT-2,Umbelliprenin,54.6,48,97.33
Ebrahimi et al.,leukemia:lymphoma,MT-2,Umbelliprenin,109.2,48,97.33
Ebrahimi et al.,leukemia:lymphoma,MT-2,Umbelliprenin,13.65,72,92.0
Ebrahimi et al.,leukemia:lymphoma,MT-2,Umbelliprenin,27.3,72,91.67
Ebrahimi et al.,leukemia:lymphoma,MT-2,Umbelliprenin,54.6,72,91.0
Ebrahimi et al.,leukemia:lymphoma,MT-2,Umbelliprenin,109.2,72,91.0
Ebrahimi et al.,leukemia:lymphoma,MT-2,Umbelliprenin,13.65,96,84.67
Ebrahimi et al.,leukemia:lymphoma,MT-2,Umbelliprenin,27.3,96,84.67
Ebrahimi et al.,leukemia:lymphoma,MT-2,Umbelliprenin,54.6,96,82.67
Ebrahimi et al.,leukemia:lymphoma,MT-2,Umbelliprenin,109.2,96,82.33
Ebrahimi et al.,leukemia:lymphoma,MT-2,Umbelliprenin,13.65,120,81.33
Ebrahimi et al.,leukemia:lymphoma,MT-2,Umbelliprenin,27.3,120,80.33
Ebrahimi et al.,leukemia:lymphoma,MT-2,Umbelliprenin,54.6,120,79.33
Ebrahimi et al.,leukemia:lymphoma,MT-2,Umbelliprenin,109.2,120,78.67
Ebrahimi et al.,leukemia:lymphoma,MT-2,Umbelliprenin,13.65,144,77.67
Ebrahimi et al.,leukemia:lymphoma,MT-2,Umbelliprenin,27.3,144,76.0
Ebrahimi et al.,leukemia:lymphoma,MT-2,Umbelliprenin,54.6,144,74.0
Ebrahimi et al.,leukemia:lymphoma,MT-2,Umbelliprenin,109.2,144,71.0
Gkionis et al.,breast,MDA-MB-231,Umbelliprenin,0.1,48,99.68
Gkionis et al.,breast,MDA-MB-231,Umbelliprenin,1.0,48,89.71
Gkionis et al.,breast,MDA-MB-231,Umbelliprenin,50.0,48,95.01
Gkionis et al.,breast,MDA-MB-231,Umbelliprenin,100.0,48,40.8
Goudarzi et al.,leukemia:lymphoma,MT-2,Umbelliprenin,20.0,48,99.8
Goudarzi et al.,leukemia:lymphoma,MT-2,Umbelliprenin,40.0,48,99.9
Goudarzi et al.,leukemia:lymphoma,MT-2,Umbelliprenin,80.0,48,74.9
Goudarzi et al.,leukemia:lymphoma,MT-2,Umbelliprenin,20.0,72,99.2
Goudarzi et al.,leukemia:lymphoma,MT-2,Umbelliprenin,40.0,72,95.6
Goudarzi et al.,leukemia:lymphoma,MT-2,Umbelliprenin,80.0,72,60.3
Goudarzi et al.,leukemia:lymphoma,MT-2,Umbelliprenin,20.0,96,87.08
Goudarzi et al.,leukemia:lymphoma,MT-2,Umbelliprenin,40.0,96,75.67
Goudarzi et al.,leukemia:lymphoma,MT-2,Umbelliprenin,80.0,96,60.06
Hamidinia et al.,colon,SW48,Umbelliprenin,6.25,24,95.66
Hamidinia et al.,colon,SW48,Umbelliprenin,12.5,24,93.85
Hamidinia et al.,colon,SW48,Umbelliprenin,25.0,24,85.51
Hamidinia et al.,colon,SW48,Umbelliprenin,50.0,24,76.82
Hamidinia et al.,colon,SW48,Umbelliprenin,100.0,24,56.89
Hamidinia et al.,colon,SW48,Umbelliprenin,200.0,24,23.56
Hamidinia et al.,colon,SW48,Umbelliprenin,6.25,48,95.29
Hamidinia et al.,colon,SW48,Umbelliprenin,12.5,48,92.76
Hamidinia et al.,colon,SW48,Umbelliprenin,25.0,48,81.53
Hamidinia et al.,colon,SW48,Umbelliprenin,50.0,48,70.29
Hamidinia et al.,colon,SW48,Umbelliprenin,100.0,48,33.34
Hamidinia et al.,colon,SW48,Umbelliprenin,200.0,48,7.06
Hamidinia et al.,colon,SW48,Umbelliprenin,6.25,72,81.53
Hamidinia et al.,colon,SW48,Umbelliprenin,12.5,72,75.73
Hamidinia et al.,colon,SW48,Umbelliprenin,25.0,72,69.93
Hamidinia et al.,colon,SW48,Umbelliprenin,50.0,72,53.99
Hamidinia et al.,colon,SW48,Umbelliprenin,100.0,72,36.96
Hamidinia et al.,colon,SW48,Umbelliprenin,200.0,72,4.35
Kamalkazemi et al.,colon,HT-29,Umbelliprenin,54.6,24,77.04
Kamalkazemi et al.,colon,HT-29,Umbelliprenin,109.2,24,65.3
Kamalkazemi et al.,colon,HT-29,Umbelliprenin,163.8,24,54.09
Kamalkazemi et al.,colon,HT-29,Umbelliprenin,218.4,24,42.89
Kamalkazemi et al.,colon,HT-29,Umbelliprenin,273.0,24,34.15
Kamalkazemi et al.,colon,HT-29,Umbelliprenin,327.6,24,26.77
Kamalkazemi et al.,colon,HT-29,Umbelliprenin,382.2,24,19.39
Kamalkazemi et al.,colon,HT-29,Umbelliprenin,54.6,48,67.87
Kamalkazemi et al.,colon,HT-29,Umbelliprenin,109.2,48,47.15
Kamalkazemi et al.,colon,HT-29,Umbelliprenin,163.8,48,38.08
Kamalkazemi et al.,colon,HT-29,Umbelliprenin,218.4,48,36.01
Kamalkazemi et al.,colon,HT-29,Umbelliprenin,273.0,48,31.86
Kamalkazemi et al.,colon,HT-29,Umbelliprenin,327.6,48,21.5
Kamalkazemi et al.,colon,HT-29,Umbelliprenin,382.2,48,14.24
Khaghanzadeh et al.,lung,A549,Umbelliprenin,10.0,24,91.0
Khaghanzadeh et al.,lung,A549,Umbelliprenin,20.0,24,80.27
Khaghanzadeh et al.,lung,A549,Umbelliprenin,50.0,24,68.7
Khaghanzadeh et al.,lung,A549,Umbelliprenin,100.0,24,51.49
Khaghanzadeh et al.,lung,A549,Umbelliprenin,200.0,24,9.22
Khaghanzadeh et al.,lung,A549,Umbelliprenin,10.0,48,86.31
Khaghanzadeh et al.,lung,A549,Umbelliprenin,20.0,48,76.97
Khaghanzadeh et al.,lung,A549,Umbelliprenin,50.0,48,64.56
Khaghanzadeh et al.,lung,A549,Umbelliprenin,100.0,48,18.63
Khaghanzadeh et al.,lung,A549,Umbelliprenin,200.0,48,9.13
Khaghanzadeh et al.,lung,A549,Umbelliprenin,10.0,72,88.65
Khaghanzadeh et al.,lung,A549,Umbelliprenin,20.0,72,79.33
Khaghanzadeh et al.,lung,A549,Umbelliprenin,50.0,72,57.06
Khaghanzadeh et al.,lung,A549,Umbelliprenin,100.0,72,19.56
Khaghanzadeh et al.,lung,A549,Umbelliprenin,200.0,72,10.82
Khaghanzadeh et al.,lung,QU-DB,Umbelliprenin,10.0,24,94.82
Khaghanzadeh et al.,lung,QU-DB,Umbelliprenin,20.0,24,89.36
Khaghanzadeh et al.,lung,QU-DB,Umbelliprenin,50.0,24,81.69
Khaghanzadeh et al.,lung,QU-DB,Umbelliprenin,100.0,24,54.59
Khaghanzadeh et al.,lung,QU-DB,Umbelliprenin,200.0,24,32.18
Khaghanzadeh et al.,lung,QU-DB,Umbelliprenin,10.0,48,90.8
Khaghanzadeh et al.,lung,QU-DB,Umbelliprenin,20.0,48,87.06
Khaghanzadeh et al.,lung,QU-DB,Umbelliprenin,50.0,48,66.09
Khaghanzadeh et al.,lung,QU-DB,Umbelliprenin,100.0,48,31.6
Khaghanzadeh et al.,lung,QU-DB,Umbelliprenin,200.0,48,10.91
Khaghanzadeh et al.,lung,QU-DB,Umbelliprenin,10.0,72,86.2
Khaghanzadeh et al.,lung,QU-DB,Umbelliprenin,20.0,72,79.02
Khaghanzadeh et al.,lung,QU-DB,Umbelliprenin,50.0,72,72.12
Khaghanzadeh et al.,lung,QU-DB,Umbelliprenin,100.0,72,27.58
Khaghanzadeh et al.,lung,QU-DB,Umbelliprenin,200.0,72,5.74
Khatonabadi et al.,breast,T-47D,Umbelliprenin,50.0,24,96.52
Khatonabadi et al.,breast,T-47D,Umbelliprenin,100.0,24,81.82
Khatonabadi et al.,breast,T-47D,Umbelliprenin,150.0,24,63.64
Khatonabadi et al.,breast,T-47D,Umbelliprenin,200.0,24,62.57
Khatonabadi et al.,breast,T-47D,Umbelliprenin,250.0,24,54.81
Khatonabadi et al.,breast,T-47D,Umbelliprenin,300.0,24,48.4
Khatonabadi et al.,breast,T-47D,Umbelliprenin,600.0,24,32.89
Rashidi et al.,glioma,A172,Umbelliprenin,8.5,24,96.54
Rashidi et al.,glioma,A172,Umbelliprenin,17.0,24,98.28
Rashidi et al.,glioma,A172,Umbelliprenin,34.0,24,93.02
Rashidi et al.,glioma,A172,Umbelliprenin,68.2,24,71.52
Rashidi et al.,glioma,A172,Umbelliprenin,136.4,24,46.71
Rashidi et al.,glioma,A172,Umbelliprenin,272.8,24,23.55
Rashidi et al.,glioma,A172,Umbelliprenin,545.7,24,18.84
Rashidi et al.,glioma,A172,Umbelliprenin,17.0,48,96.99
Rashidi et al.,glioma,A172,Umbelliprenin,34.0,48,90.62
Rashidi et al.,glioma,A172,Umbelliprenin,68.2,48,71.15
Rashidi et al.,glioma,A172,Umbelliprenin,136.4,48,32.05
Rashidi et al.,glioma,A172,Umbelliprenin,272.8,48,10.44
Rashidi et al.,glioma,A172,Umbelliprenin,545.7,48,3.52
Rashidi et al.,glioma,A172,Umbelliprenin,8.5,72,98.19
Rashidi et al.,glioma,A172,Umbelliprenin,17.0,72,93.49
Rashidi et al.,glioma,A172,Umbelliprenin,34.0,72,89.7
Rashidi et al.,glioma,A172,Umbelliprenin,68.2,72,68.57
Rashidi et al.,glioma,A172,Umbelliprenin,136.4,72,41.91
Rashidi et al.,glioma,A172,Umbelliprenin,272.8,72,17.83
Rashidi et al.,glioma,A172,Umbelliprenin,545.7,72,9.24
Rashidi et al.,colon,HT-29,Umbelliprenin,8.1,24,98.85
Rashidi et al.,colon,HT-29,Umbelliprenin,16.3,24,98.28
Rashidi et al.,colon,HT-29,Umbelliprenin,32.7,24,89.92
Rashidi et al.,colon,HT-29,Umbelliprenin,68.2,24,71.29
Rashidi et al.,colon,HT-29,Umbelliprenin,136.4,24,29.08
Rashidi et al.,colon,HT-29,Umbelliprenin,272.8,24,15.39
Rashidi et al.,colon,HT-29,Umbelliprenin,545.7,24,6.27
Rashidi et al.,colon,HT-29,Umbelliprenin,8.1,48,99.23
Rashidi et al.,colon,HT-29,Umbelliprenin,16.3,48,89.92
Rashidi et al.,colon,HT-29,Umbelliprenin,32.7,48,92.38
Rashidi et al.,colon,HT-29,Umbelliprenin,68.2,48,64.06
Rashidi et al.,colon,HT-29,Umbelliprenin,136.4,48,25.28
Rashidi et al.,colon,HT-29,Umbelliprenin,272.8,48,18.63
Rashidi et al.,colon,HT-29,Umbelliprenin,545.7,48,8.93
Rashidi et al.,colon,HT-29,Umbelliprenin,8.1,72,99.04
Rashidi et al.,colon,HT-29,Umbelliprenin,16.3,72,95.62
Rashidi et al.,colon,HT-29,Umbelliprenin,32.7,72,92.01
Rashidi et al.,colon,HT-29,Umbelliprenin,68.2,72,76.8
Rashidi et al.,colon,HT-29,Umbelliprenin,136.4,72,28.13
Rashidi et al.,colon,HT-29,Umbelliprenin,272.8,72,10.83
Rashidi et al.,colon,HT-29,Umbelliprenin,545.7,72,3.99
Rashidi et al.,breast,MCF-7,Umbelliprenin,8.1,24,100.0
Rashidi et al.,breast,MCF-7,Umbelliprenin,16.3,24,97.82
Rashidi et al.,breast,MCF-7,Umbelliprenin,32.7,24,98.91
Rashidi et al.,breast,MCF-7,Umbelliprenin,68.2,24,59.52
Rashidi et al.,breast,MCF-7,Umbelliprenin,136.4,24,41.74
Rashidi et al.,breast,MCF-7,Umbelliprenin,272.8,24,20.14
Rashidi et al.,breast,MCF-7,Umbelliprenin,545.7,24,11.61
Rashidi et al.,breast,MCF-7,Umbelliprenin,8.1,48,98.91
Rashidi et al.,breast,MCF-7,Umbelliprenin,16.3,48,98.0
Rashidi et al.,breast,MCF-7,Umbelliprenin,32.7,48,93.1
Rashidi et al.,breast,MCF-7,Umbelliprenin,68.2,48,64.79
Rashidi et al.,breast,MCF-7,Umbelliprenin,136.4,48,30.82
Rashidi et al.,breast,MCF-7,Umbelliprenin,272.8,48,16.87
Rashidi et al.,breast,MCF-7,Umbelliprenin,545.7,48,8.34
Rashidi et al.,breast,MCF-7,Umbelliprenin,8.1,72,98.18
Rashidi et al.,breast,MCF-7,Umbelliprenin,16.3,72,96.37
Rashidi et al.,breast,MCF-7,Umbelliprenin,32.7,72,94.55
Rashidi et al.,breast,MCF-7,Umbelliprenin,68.2,72,89.83
Rashidi et al.,breast,MCF-7,Umbelliprenin,136.4,72,53.72
Rashidi et al.,breast,MCF-7,Umbelliprenin,272.8,72,17.96
Rashidi et al.,breast,MCF-7,Umbelliprenin,545.7,72,9.8
Wang et al.,pancreatic,BxPC3,Umbelliprenin,27.3,24,86.53
Wang et al.,pancreatic,BxPC3,Umbelliprenin,54.6,24,80.8
Wang et al.,pancreatic,BxPC3,Umbelliprenin,109.14,24,65.65
Wang et al.,pancreatic,BxPC3,Umbelliprenin,218.3,24,53.53
Wang et al.,pancreatic,BxPC3,Umbelliprenin,436.6,24,33.33
Wang et al.,pancreatic,BxPC3,Umbelliprenin,27.3,48,81.81
Wang et al.,pancreatic,BxPC3,Umbelliprenin,54.6,48,62.96
Wang et al.,pancreatic,BxPC3,Umbelliprenin,109.14,48,45.79
Wang et al.,pancreatic,BxPC3,Umbelliprenin,218.3,48,25.92
Wang et al.,pancreatic,BxPC3,Umbelliprenin,436.6,48,17.5
Wang et al.,pancreatic,Capan-1,Umbelliprenin,27.3,24,93.1
Wang et al.,pancreatic,Capan-1,Umbelliprenin,54.6,24,83.1
Wang et al.,pancreatic,Capan-1,Umbelliprenin,109.14,24,62.41
Wang et al.,pancreatic,Capan-1,Umbelliprenin,218.3,24,43.79
Wang et al.,pancreatic,Capan-1,Umbelliprenin,436.6,24,33.44
Wang et al.,pancreatic,Capan-1,Umbelliprenin,27.3,48,85.51
Wang et al.,pancreatic,Capan-1,Umbelliprenin,54.6,48,65.86
Wang et al.,pancreatic,Capan-1,Umbelliprenin,109.14,48,50.34
Wang et al.,pancreatic,Capan-1,Umbelliprenin,218.3,48,31.72
Wang et al.,pancreatic,Capan-1,Umbelliprenin,436.6,48,11.72
Wang et al.,pancreatic,PANC-1,Umbelliprenin,27.3,24,85.66
Wang et al.,pancreatic,PANC-1,Umbelliprenin,54.6,24,76.45
Wang et al.,pancreatic,PANC-1,Umbelliprenin,109.14,24,60.75
Wang et al.,pancreatic,PANC-1,Umbelliprenin,218.3,24,51.53
Wang et al.,pancreatic,PANC-1,Umbelliprenin,436.6,24,33.78
Wang et al.,pancreatic,PANC-1,Umbelliprenin,27.3,48,77.8
Wang et al.,pancreatic,PANC-1,Umbelliprenin,54.6,48,60.0
Wang et al.,pancreatic,PANC-1,Umbelliprenin,109.14,48,47.44
Wang et al.,pancreatic,PANC-1,Umbelliprenin,218.3,48,33.1
Wang et al.,pancreatic,PANC-1,Umbelliprenin,436.6,48,23.89
Zhang et al.,gastric,AGS,Umbelliprenin,6.25,24,87.72
Zhang et al.,gastric,AGS,Umbelliprenin,12.5,24,80.86
Zhang et al.,gastric,AGS,Umbelliprenin,25.0,24,71.43
Zhang et al.,gastric,AGS,Umbelliprenin,50.0,24,48.0
Zhang et al.,gastric,AGS,Umbelliprenin,100.0,24,20.0
Zhang et al.,gastric,AGS,Umbelliprenin,3.13,24,83.33
Zhang et al.,gastric,AGS,Umbelliprenin,3.13,48,72.13
Zhang et al.,gastric,AGS,Umbelliprenin,3.13,72,66.16
Zhang et al.,gastric,AGS,Umbelliprenin,6.25,24,63.68
Zhang et al.,gastric,AGS,Umbelliprenin,6.25,48,54.71
Zhang et al.,gastric,AGS,Umbelliprenin,6.25,72,52.83
Zhang et al.,gastric,AGS,Umbelliprenin,12.5,24,34.82
Zhang et al.,gastric,AGS,Umbelliprenin,12.5,48,32.58
Zhang et al.,gastric,AGS,Umbelliprenin,12.5,72,30.09
Zhang et al.,gastric,AGS,Umbelliprenin,25.0,24,24.37
Zhang et al.,gastric,AGS,Umbelliprenin,25.0,48,22.13
Zhang et al.,gastric,AGS,Umbelliprenin,25.0,72,20.14
Zhang et al.,gastric,AGS,Umbelliprenin,50.0,24,14.67
Zhang et al.,gastric,AGS,Umbelliprenin,50.0,48,12.68
Zhang et al.,gastric,AGS,Umbelliprenin,50.0,72,10.19
Ziai et al.,leukemia:lymphoma,Jurkat T,Umbelliprenin,10.0,16,92.47
Ziai et al.,leukemia:lymphoma,Jurkat T,Umbelliprenin,25.0,16,86.15
Ziai et al.,leukemia:lymphoma,Jurkat T,Umbelliprenin,50.0,16,63.06
Ziai et al.,leukemia:lymphoma,Jurkat T,Umbelliprenin,100.0,16,39.73
Ziai et al.,leukemia:lymphoma,Jurkat T,Umbelliprenin,10.0,48,69.18
Ziai et al.,leukemia:lymphoma,Jurkat T,Umbelliprenin,25.0,48,50.35
Ziai et al.,leukemia:lymphoma,Jurkat T,Umbelliprenin,50.0,48,25.69
Ziai et al.,leukemia:lymphoma,Jurkat T,Umbelliprenin,100.0,48,13.7
Chou 2007,cervical,Hela,Osthole,13.0,48,96.0
Chou 2007,cervical,Hela,Osthole,25.0,48,84.0
Chou 2007,cervical,Hela,Osthole,50.0,48,63.0
Chou 2007,cervical,Hela,Osthole,100.0,48,20.0
Chou 2007,cervical,Hela,Osthole,200.0,48,0.0
Chou 2007,cervical,Hela,Osthole,13.0,24,100.0
Chou 2007,cervical,Hela,Osthole,25.0,24,100.0
Chou 2007,cervical,Hela,Osthole,50.0,24,100.0
Chou 2007,cervical,Hela,Osthole,100.0,24,86.0
Chou 2007,cervical,Hela,Osthole,200.0,24,8.0
Jiang 2016,ovarian,A2780,Osthole,20.0,48,72.0
Jiang 2016,ovarian,A2780,Osthole,40.0,48,58.0
Jiang 2016,ovarian,A2780,Osthole,80.0,48,43.0
Jiang 2016,ovarian,A2780,Osthole,120.0,48,30.0
Jiang 2016,ovarian,A2780,Osthole,160.0,48,22.0
Jiang 2016,ovarian,A2780,Osthole,200.0,48,17.0
Jiang 2016,ovarian,A2780,Osthole,20.0,24,91.0
Jiang 2016,ovarian,A2780,Osthole,40.0,24,80.0
Jiang 2016,ovarian,A2780,Osthole,80.0,24,71.0
Jiang 2016,ovarian,A2780,Osthole,120.0,24,55.0
Jiang 2016,ovarian,A2780,Osthole,160.0,24,39.0
Jiang 2016,ovarian,A2780,Osthole,200.0,24,27.0
Liu 2022,breast,MDA-MB-231,Osthole,0.1,48,100.8
Liu 2022,breast,MDA-MB-231,Osthole,1.0,48,99.5
Liu 2022,breast,MDA-MB-231,Osthole,5.0,48,97.5
Liu 2022,breast,MDA-MB-231,Osthole,10.0,48,96.2
Liu 2022,breast,MDA-MB-231,Osthole,20.0,48,88.7
Liu 2022,breast,MDA-MB-231,Osthole,50.0,48,65.5
Liu 2022,breast,MDA-MB-231,Osthole,100.0,48,42.4
Liu 2022,breast,MDA-MB-231,Osthole,50.0,12,94.0
Liu 2022,breast,MDA-MB-231,Osthole,50.0,24,85.0
Liu 2022,breast,MDA-MB-231,Osthole,50.0,72,52.0
Yang 2010,breast,MDA-MB-231,Osthole,20.0,24,94.6
Yang 2010,breast,MDA-MB-231,Osthole,40.0,24,92.6
Yang 2010,breast,MDA-MB-231,Osthole,60.0,24,92.6
Yang 2010,breast,MDA-MB-231,Osthole,80.0,24,91.2
Yang 2010,breast,MDA-MB-231,Osthole,100.0,24,90.7
Yang 2010,breast,MCF-7,Osthole,20.0,24,98.1
Yang 2010,breast,MCF-7,Osthole,40.0,24,96.2
Yang 2010,breast,MCF-7,Osthole,60.0,24,93.2
Yang 2010,breast,MCF-7,Osthole,80.0,24,94.7
Yang 2010,breast,MCF-7,Osthole,100.0,24,87.9
Yu-ching Wen 2015,prostate,PC3,Osthole,0.0,24,100.0
Yu-ching Wen 2015,prostate,PC3,Osthole,20.0,24,102.0
Yu-ching Wen 2015,prostate,PC3,Osthole,40.0,24,109.0
Yu-ching Wen 2015,prostate,PC3,Osthole,60.0,24,101.6
Yu-ching Wen 2015,prostate,PC3,Osthole,80.0,24,90.4
Yu-ching Wen 2015,prostate,Du145,Osthole,0.0,24,101.0
Yu-ching Wen 2015,prostate,Du145,Osthole,20.0,24,99.0
Yu-ching Wen 2015,prostate,Du145,Osthole,40.0,24,97.0
Yu-ching Wen 2015,prostate,Du145,Osthole,60.0,24,97.5
Yu-ching Wen 2015,prostate,Du145,Osthole,80.0,24,95.3
YILIN CHE 2018,cervical,Hela,Osthole,0.0,24,100.0
YILIN CHE 2018,cervical,Hela,Osthole,40.0,24,92.6
YILIN CHE 2018,cervical,Hela,Osthole,80.0,24,87.0
YILIN CHE 2018,cervical,Hela,Osthole,120.0,24,63.0
YILIN CHE 2018,cervical,Hela,Osthole,160.0,24,49.4
YILIN CHE 2018,cervical,Hela,Osthole,200.0,24,40.5
YILIN CHE 2018,cervical,Hela,Osthole,0.0,48,100.0
YILIN CHE 2018,cervical,Hela,Osthole,40.0,48,96.7
YILIN CHE 2018,cervical,Hela,Osthole,80.0,48,73.4
YILIN CHE 2018,cervical,Hela,Osthole,120.0,48,41.0
YILIN CHE 2018,cervical,Hela,Osthole,160.0,48,20.0
YILIN CHE 2018,cervical,Hela,Osthole,200.0,48,17.0
YILIN CHE 2018,endometrial,SiHa,Osthole,0.0,24,100.0
YILIN CHE 2018,endometrial,SiHa,Osthole,40.0,24,93.3
YILIN CHE 2018,endometrial,SiHa,Osthole,80.0,24,83.0
YILIN CHE 2018,endometrial,SiHa,Osthole,120.0,24,65.2
YILIN CHE 2018,endometrial,SiHa,Osthole,160.0,24,42.6
YILIN CHE 2018,endometrial,SiHa,Osthole,200.0,24,33.6
YILIN CHE 2018,cervical,SiHa,Osthole,0.0,48,100.0
YILIN CHE 2018,cervical,SiHa,Osthole,40.0,48,81.6
YILIN CHE 2018,cervical,SiHa,Osthole,80.0,48,70.0
YILIN CHE 2018,cervical,SiHa,Osthole,120.0,48,47.3
YILIN CHE 2018,cervical,SiHa,Osthole,160.0,48,33.0
YILIN CHE 2018,cervical,SiHa,Osthole,200.0,48,22.0
YILIN CHE 2018,cervical,C-33A,Osthole,0.0,24,100.0
YILIN CHE 2018,cervical,C-33A,Osthole,40.0,24,87.5
YILIN CHE 2018,cervical,C-33A,Osthole,80.0,24,80.5
YILIN CHE 2018,cervical,C-33A,Osthole,120.0,24,70.6
YILIN CHE 2018,cervical,C-33A,Osthole,160.0,24,43.0
YILIN CHE 2018,cervical,C-33A,Osthole,200.0,24,31.0
YILIN CHE 2018,cervical,C-33A,Osthole,0.0,48,100.0
YILIN CHE 2018,cervical,C-33A,Osthole,40.0,48,76.4
YILIN CHE 2018,cervical,C-33A,Osthole,80.0,48,67.8
YILIN CHE 2018,cervical,C-33A,Osthole,120.0,48,43.8
YILIN CHE 2018,cervical,C-33A,Osthole,160.0,48,25.4
YILIN CHE 2018,cervical,C-33A,Osthole,200.0,48,19.0
YILIN CHE 2018,cervical,CaSki,Osthole,0.0,24,100.0
YILIN CHE 2018,cervical,CaSki,Osthole,40.0,24,94.0
YILIN CHE 2018,cervical,CaSki,Osthole,80.0,24,83.3
YILIN CHE 2018,cervical,CaSki,Osthole,120.0,24,54.4
YILIN CHE 2018,cervical,CaSki,Osthole,160.0,24,34.6
YILIN CHE 2018,cervical,CaSki,Osthole,200.0,24,34.6
YILIN CHE 2018,cervical,CaSki,Osthole,0.0,48,100.0
YILIN CHE 2018,cervical,CaSki,Osthole,40.0,48,79.0
YILIN CHE 2018,cervical,CaSki,Osthole,80.0,48,62.0
YILIN CHE 2018,cervical,CaSki,Osthole,120.0,48,37.4
YILIN CHE 2018,cervical,CaSki,Osthole,160.0,48,21.9
YILIN CHE 2018,cervical,CaSki,Osthole,200.0,48,19.8
Shang Jyh Kao 2012,lung,A549,Osthole,0.0,24,101.0
Shang Jyh Kao 2012,lung,A549,Osthole,20.0,24,103.0
Shang Jyh Kao 2012,lung,A549,Osthole,40.0,24,97.1
Shang Jyh Kao 2012,lung,A549,Osthole,60.0,24,94.7
Shang Jyh Kao 2012,lung,H1299,Osthole,0.0,24,100.4
Shang Jyh Kao 2012,lung,H1299,Osthole,20.0,24,106.1
Shang Jyh Kao 2012,lung,H1299,Osthole,40.0,24,102.0
Shang Jyh Kao 2012,lung,H1299,Osthole,60.0,24,94.7
Shang Jyh Kao 2012,lung,CL1-5,Osthole,0.0,24,100.4
Shang Jyh Kao 2012,lung,CL1-5,Osthole,20.0,24,102.0
Shang Jyh Kao 2012,lung,CL1-5,Osthole,40.0,24,95.5
Shang Jyh Kao 2012,lung,CL1-5,Osthole,60.0,24,94.7
Yunzhong Jiang 2023,bladder,5637,Osthole,25.0,24,93.3
Yunzhong Jiang 2023,bladder,5637,Osthole,50.0,24,82.2
Yunzhong Jiang 2023,bladder,5637,Osthole,75.0,24,67.7
Yunzhong Jiang 2023,bladder,5637,Osthole,100.0,24,55.5
Yunzhong Jiang 2023,bladder,5637,Osthole,125.0,24,52.7
Yunzhong Jiang 2023,bladder,5637,Osthole,150.0,24,51.0
Yunzhong Jiang 2023,bladder,5637,Osthole,175.0,24,47.2
Yunzhong Jiang 2023,bladder,5637,Osthole,200.0,24,42.2
Yunzhong Jiang 2023,bladder,5637,Osthole,25.0,48,85.5
Yunzhong Jiang 2023,bladder,5637,Osthole,50.0,48,63.8
Yunzhong Jiang 2023,bladder,5637,Osthole,75.0,48,42.7
Yunzhong Jiang 2023,bladder,5637,Osthole,100.0,48,31.6
Yunzhong Jiang 2023,bladder,5637,Osthole,125.0,48,27.7
Yunzhong Jiang 2023,bladder,5637,Osthole,150.0,48,24.4
Yunzhong Jiang 2023,bladder,5637,Osthole,175.0,48,21.6
Yunzhong Jiang 2023,bladder,5637,Osthole,200.0,48,19.5
Yunzhong Jiang 2023,bladder,253J,Osthole,25.0,24,91.9
Yunzhong Jiang 2023,bladder,253J,Osthole,50.0,24,87.2
Yunzhong Jiang 2023,bladder,253J,Osthole,75.0,24,83.4
Yunzhong Jiang 2023,bladder,253J,Osthole,100.0,24,74.3
Yunzhong Jiang 2023,bladder,253J,Osthole,125.0,24,64.7
Yunzhong Jiang 2023,bladder,253J,Osthole,150.0,24,55.6
Yunzhong Jiang 2023,bladder,253J,Osthole,175.0,24,44.9
Yunzhong Jiang 2023,bladder,253J,Osthole,200.0,24,35.3
Yunzhong Jiang 2023,bladder,253J,Osthole,25.0,48,87.7
Yunzhong Jiang 2023,bladder,253J,Osthole,50.0,48,75.9
Yunzhong Jiang 2023,bladder,253J,Osthole,75.0,48,63.6
Yunzhong Jiang 2023,bladder,253J,Osthole,100.0,48,55.1
Yunzhong Jiang 2023,bladder,253J,Osthole,125.0,48,42.2
Yunzhong Jiang 2023,bladder,253J,Osthole,150.0,48,38.8
Yunzhong Jiang 2023,bladder,253J,Osthole,175.0,48,25.7
Yunzhong Jiang 2023,bladder,253J,Osthole,200.0,48,14.4
LEI LIANG 2021,endometrial,JEC,Osthole,25.0,24,92.0
LEI LIANG 2021,endometrial,JEC,Osthole,50.0,24,82.0
LEI LIANG 2021,endometrial,JEC,Osthole,100.0,24,67.0
LEI LIANG 2021,endometrial,JEC,Osthole,200.0,24,61.0
LEI LIANG 2021,endometrial,JEC,Osthole,25.0,48,78.8
LEI LIANG 2021,endometrial,JEC,Osthole,50.0,48,56.9
LEI LIANG 2021,endometrial,JEC,Osthole,100.0,48,48.8
LEI LIANG 2021,endometrial,JEC,Osthole,200.0,48,30.6
LEI LIANG 2021,endometrial,JEC,Osthole,25.0,72,60.0
LEI LIANG 2021,endometrial,JEC,Osthole,50.0,72,46.8
LEI LIANG 2021,endometrial,JEC,Osthole,100.0,72,35.0
LEI LIANG 2021,endometrial,JEC,Osthole,200.0,72,20.0
LEI LIANG 2021,endometrial,KLE,Osthole,25.0,24,96.9
LEI LIANG 2021,endometrial,KLE,Osthole,50.0,24,86.3
LEI LIANG 2021,endometrial,KLE,Osthole,100.0,24,68.8
LEI LIANG 2021,endometrial,KLE,Osthole,200.0,24,63.1
LEI LIANG 2021,endometrial,KLE,Osthole,25.0,48,91.3
LEI LIANG 2021,endometrial,KLE,Osthole,50.0,48,70.0
LEI LIANG 2021,endometrial,KLE,Osthole,100.0,48,57.5
LEI LIANG 2021,endometrial,KLE,Osthole,200.0,48,45.6
LEI LIANG 2021,endometrial,KLE,Osthole,25.0,72,76.8
LEI LIANG 2021,endometrial,KLE,Osthole,50.0,72,55.6
LEI LIANG 2021,endometrial,KLE,Osthole,100.0,72,45.0
LEI LIANG 2021,endometrial,KLE,Osthole,200.0,72,31.9
LEI LIANG 2021,endometrial,Ishikawa,Osthole,25.0,24,92.1
LEI LIANG 2021,endometrial,Ishikawa,Osthole,50.0,24,84.3
LEI LIANG 2021,endometrial,Ishikawa,Osthole,100.0,24,72.0
LEI LIANG 2021,endometrial,Ishikawa,Osthole,200.0,24,68.0
LEI LIANG 2021,endometrial,Ishikawa,Osthole,25.0,48,86.2
LEI LIANG 2021,endometrial,Ishikawa,Osthole,50.0,48,76.1
LEI LIANG 2021,endometrial,Ishikawa,Osthole,100.0,48,49.7
LEI LIANG 2021,endometrial,Ishikawa,Osthole,200.0,48,37.1
LEI LIANG 2021,endometrial,Ishikawa,Osthole,25.0,72,76.1
LEI LIANG 2021,endometrial,Ishikawa,Osthole,50.0,72,57.2
LEI LIANG 2021,endometrial,Ishikawa,Osthole,100.0,72,40.3
LEI LIANG 2021,endometrial,Ishikawa,Osthole,200.0,72,28.3
Cheng-Fang Tsai 2014,glioma,U251,Osthole,1.0,24,81.4
Cheng-Fang Tsai 2014,glioma,U251,Osthole,10.0,24,73.1
Cheng-Fang Tsai 2014,glioma,U251,Osthole,30.0,24,48.3
Cheng-Fang Tsai 2014,glioma,HS683,Osthole,1.0,24,97.9
Cheng-Fang Tsai 2014,glioma,HS683,Osthole,10.0,24,86.2
Cheng-Fang Tsai 2014,glioma,HS683,Osthole,30.0,24,71.0
XIAO-MAN XU 2012,lung,A549,Osthole,20.0,24,91.5
XIAO-MAN XU 2012,lung,A549,Osthole,40.0,24,80.9
XIAO-MAN XU 2012,lung,A549,Osthole,60.0,24,73.0
XIAO-MAN XU 2012,lung,A549,Osthole,80.0,24,61.0
VICTOR C HIA -HSIANG L IN 2010,breast,MDA-MB-231,Osthole,5.0,48,97.7
VICTOR C HIA -HSIANG L IN 2010,breast,MDA-MB-231,Osthole,10.0,48,100.5
VICTOR C HIA -HSIANG L IN 2010,breast,MDA-MB-231,Osthole,20.0,48,98.7
VICTOR C HIA -HSIANG L IN 2010,breast,MDA-MB-231,Osthole,40.0,48,86.3
VICTOR C HIA -HSIANG L IN 2010,breast,MDA-MB-231,Osthole,80.0,48,69.3
VICTOR C HIA -HSIANG L IN 2010,breast,MCF-7,Osthole,5.0,48,97.7
VICTOR C HIA -HSIANG L IN 2010,breast,MCF-7,Osthole,10.0,48,95.9
VICTOR C HIA -HSIANG L IN 2010,breast,MCF-7,Osthole,20.0,48,90.0
VICTOR C HIA -HSIANG L IN 2010,breast,MCF-7,Osthole,40.0,48,89.7
VICTOR C HIA -HSIANG L IN 2010,breast,MCF-7,Osthole,80.0,48,86.7
VICTOR C HIA -HSIANG L IN 2010,ovarian,SKOV3,Osthole,5.0,48,81.0
VICTOR C HIA -HSIANG L IN 2010,ovarian,SKOV3,Osthole,10.0,48,70.2
VICTOR C HIA -HSIANG L IN 2010,ovarian,SKOV3,Osthole,20.0,48,64.3
VICTOR C HIA -HSIANG L IN 2010,ovarian,SKOV3,Osthole,40.0,48,54.4
VICTOR C HIA -HSIANG L IN 2010,ovarian,SKOV3,Osthole,80.0,48,45.5
JISOO SONG 2024,prostate,PC3,Osthole,2.0,48,97.3
JISOO SONG 2024,prostate,PC3,Osthole,5.0,48,86.4
JISOO SONG 2024,prostate,PC3,Osthole,10.0,48,52.7
JISOO SONG 2024,prostate,PC3,Osthole,20.0,48,50.0
JISOO SONG 2024,prostate,PC3,Osthole,50.0,48,55.5
JISOO SONG 2024,prostate,Du145,Osthole,2.0,48,76.4
JISOO SONG 2024,prostate,Du145,Osthole,5.0,48,56.4
JISOO SONG 2024,prostate,Du145,Osthole,10.0,48,47.3
JISOO SONG 2024,prostate,Du145,Osthole,20.0,48,47.3
JISOO SONG 2024,prostate,Du145,Osthole,50.0,48,44.6
ZHI-KUN LIN 2017,liver,MHCC-97H,Osthole,20.0,24,92.7
ZHI-KUN LIN 2017,liver,MHCC-97H,Osthole,40.0,24,87.7
ZHI-KUN LIN 2017,liver,MHCC-97H,Osthole,80.0,24,82.7
ZHI-KUN LIN 2017,liver,MHCC-97H,Osthole,120.0,24,74.7
ZHI-KUN LIN 2017,liver,MHCC-97H,Osthole,160.0,24,63.2
ZHI-KUN LIN 2017,liver,MHCC-97H,Osthole,200.0,24,55.3
ZHI-KUN LIN 2017,liver,MHCC-97H,Osthole,20.0,48,86.2
ZHI-KUN LIN 2017,liver,MHCC-97H,Osthole,40.0,48,74.7
ZHI-KUN LIN 2017,liver,MHCC-97H,Osthole,80.0,48,54.6
ZHI-KUN LIN 2017,liver,MHCC-97H,Osthole,120.0,48,48.1
ZHI-KUN LIN 2017,liver,MHCC-97H,Osthole,160.0,48,41.0
ZHI-KUN LIN 2017,liver,MHCC-97H,Osthole,200.0,48,33.7
ZHI-KUN LIN 2017,liver,HCC-LM3,Osthole,20.0,24,95.6
ZHI-KUN LIN 2017,liver,HCC-LM3,Osthole,40.0,24,86.2
ZHI-KUN LIN 2017,liver,HCC-LM3,Osthole,80.0,24,72.6
ZHI-KUN LIN 2017,liver,HCC-LM3,Osthole,120.0,24,64.7
ZHI-KUN LIN 2017,liver,HCC-LM3,Osthole,160.0,24,53.1
ZHI-KUN LIN 2017,liver,HCC-LM3,Osthole,200.0,24,43.1
ZHI-KUN LIN 2017,liver,HCC-LM3,Osthole,20.0,48,84.8
ZHI-KUN LIN 2017,liver,HCC-LM3,Osthole,40.0,48,73.3
ZHI-KUN LIN 2017,liver,HCC-LM3,Osthole,80.0,48,59.6
ZHI-KUN LIN 2017,liver,HCC-LM3,Osthole,120.0,48,51.0
ZHI-KUN LIN 2017,liver,HCC-LM3,Osthole,160.0,48,37.4
ZHI-KUN LIN 2017,liver,HCC-LM3,Osthole,200.0,48,32.3
Xinbing Zhu 2018,esophageal,KYSE180,Osthole,20.0,24,87.9
Xinbing Zhu 2018,esophageal,KYSE180,Osthole,40.0,24,83.7
Xinbing Zhu 2018,esophageal,KYSE180,Osthole,80.0,24,75.2
Xinbing Zhu 2018,esophageal,KYSE180,Osthole,120.0,24,48.2
Xinbing Zhu 2018,esophageal,KYSE180,Osthole,160.0,24,40.6
Xinbing Zhu 2018,esophageal,KYSE180,Osthole,200.0,24,31.3
Xinbing Zhu 2018,esophageal,KYSE180,Osthole,240.0,24,24.5
Xinbing Zhu 2018,esophageal,KYSE180,Osthole,20.0,48,81.1
Xinbing Zhu 2018,esophageal,KYSE180,Osthole,40.0,48,74.4
Xinbing Zhu 2018,esophageal,KYSE180,Osthole,80.0,48,60.0
Xinbing Zhu 2018,esophageal,KYSE180,Osthole,120.0,48,34.7
Xinbing Zhu 2018,esophageal,KYSE180,Osthole,160.0,48,24.5
Xinbing Zhu 2018,esophageal,KYSE180,Osthole,200.0,48,11.8
Xinbing Zhu 2018,esophageal,KYSE180,Osthole,240.0,48,5.1
Xinbing Zhu 2018,esophageal,kYSE410,Osthole,20.0,24,93.8
Xinbing Zhu 2018,esophageal,kYSE410,Osthole,40.0,24,87.8
Xinbing Zhu 2018,esophageal,kYSE410,Osthole,80.0,24,73.5
Xinbing Zhu 2018,esophageal,kYSE410,Osthole,120.0,24,65.9
Xinbing Zhu 2018,esophageal,kYSE410,Osthole,160.0,24,59.2
Xinbing Zhu 2018,esophageal,kYSE410,Osthole,200.0,24,48.2
Xinbing Zhu 2018,esophageal,kYSE410,Osthole,240.0,24,37.2
Xinbing Zhu 2018,esophageal,KYSE410,Osthole,20.0,48,93.8
Xinbing Zhu 2018,esophageal,KYSE410,Osthole,40.0,48,83.7
Xinbing Zhu 2018,esophageal,KYSE410,Osthole,80.0,48,63.4
Xinbing Zhu 2018,esophageal,KYSE410,Osthole,120.0,48,46.5
Xinbing Zhu 2018,esophageal,KYSE410,Osthole,160.0,48,37.2
Xinbing Zhu 2018,esophageal,KYSE410,Osthole,200.0,48,31.3
Xinbing Zhu 2018,esophageal,KYSE410,Osthole,240.0,48,19.4
Xinbing Zhu 2018,esophageal,KYSE510,Osthole,20.0,24,93.8
Xinbing Zhu 2018,esophageal,KYSE510,Osthole,40.0,24,87.8
Xinbing Zhu 2018,esophageal,KYSE510,Osthole,80.0,24,76.1
Xinbing Zhu 2018,esophageal,KYSE510,Osthole,120.0,24,66.0
Xinbing Zhu 2018,esophageal,KYSE510,Osthole,160.0,24,52.4
Xinbing Zhu 2018,esophageal,KYSE510,Osthole,200.0,24,45.6
Xinbing Zhu 2018,esophageal,KYSE510,Osthole,240.0,24,35.5
Xinbing Zhu 2018,esophageal,KYSE510,Osthole,20.0,48,88.7
Xinbing Zhu 2018,esophageal,KYSE510,Osthole,40.0,48,83.7
Xinbing Zhu 2018,esophageal,KYSE510,Osthole,80.0,48,60.8
Xinbing Zhu 2018,esophageal,KYSE510,Osthole,120.0,48,47.3
Xinbing Zhu 2018,esophageal,KYSE510,Osthole,160.0,48,31.3
Xinbing Zhu 2018,esophageal,KYSE510,Osthole,200.0,48,19.4
Xinbing Zhu 2018,esophageal,KYSE510,Osthole,240.0,48,11.8
Xinbing Zhu 2018,esophageal,KYSE30,Osthole,20.0,24,97.5
Xinbing Zhu 2018,esophageal,KYSE30,Osthole,40.0,24,91.2
Xinbing Zhu 2018,esophageal,KYSE30,Osthole,80.0,24,83.7
Xinbing Zhu 2018,esophageal,KYSE30,Osthole,120.0,24,69.2
Xinbing Zhu 2018,esophageal,KYSE30,Osthole,160.0,24,64.6
Xinbing Zhu 2018,esophageal,KYSE30,Osthole,200.0,24,60.6
Xinbing Zhu 2018,esophageal,KYSE30,Osthole,240.0,24,50.2
Xinbing Zhu 2018,esophageal,KYSE30,Osthole,20.0,48,91.2
Xinbing Zhu 2018,esophageal,KYSE30,Osthole,40.0,48,86.0
Xinbing Zhu 2018,esophageal,KYSE30,Osthole,80.0,48,72.1
Xinbing Zhu 2018,esophageal,KYSE30,Osthole,120.0,48,54.2
Xinbing Zhu 2018,esophageal,KYSE30,Osthole,160.0,48,49.0
Xinbing Zhu 2018,esophageal,KYSE30,Osthole,200.0,48,38.1
Xinbing Zhu 2018,esophageal,KYSE30,Osthole,240.0,48,26.5
Xinbing Zhu 2018,esophageal,KYSE150,Osthole,20.0,24,93.5
Xinbing Zhu 2018,esophageal,KYSE150,Osthole,40.0,24,86.0
Xinbing Zhu 2018,esophageal,KYSE150,Osthole,80.0,24,73.8
Xinbing Zhu 2018,esophageal,KYSE150,Osthole,120.0,24,61.1
Xinbing Zhu 2018,esophageal,KYSE150,Osthole,160.0,24,53.1
Xinbing Zhu 2018,esophageal,KYSE150,Osthole,200.0,24,45.6
Xinbing Zhu 2018,esophageal,KYSE150,Osthole,240.0,24,39.2
Xinbing Zhu 2018,esophageal,KYSE150,Osthole,20.0,48,88.8
Xinbing Zhu 2018,esophageal,KYSE150,Osthole,40.0,48,73.3
Xinbing Zhu 2018,esophageal,KYSE150,Osthole,80.0,48,54.2
Xinbing Zhu 2018,esophageal,KYSE150,Osthole,120.0,48,42.1
Xinbing Zhu 2018,esophageal,KYSE150,Osthole,160.0,48,35.2
Xinbing Zhu 2018,esophageal,KYSE150,Osthole,200.0,48,28.8
Xinbing Zhu 2018,esophageal,KYSE150,Osthole,240.0,48,21.9
Wonhyoung Park 2019,breast,MCF-7,Osthole,5.0,48,79.0
Wonhyoung Park 2019,breast,MCF-7,Osthole,10.0,48,83.4
Wonhyoung Park 2019,breast,MCF-7,Osthole,20.0,48,69.7
Wonhyoung Park 2019,breast,MCF-7,Osthole,50.0,48,46.7
Wonhyoung Park 2019,breast,MCF-7,Osthole,100.0,48,30.2
Wonhyoung Park 2019,breast,BT-474,Osthole,5.0,48,89.1
Wonhyoung Park 2019,breast,BT-474,Osthole,10.0,48,101.3
Wonhyoung Park 2019,breast,BT-474,Osthole,20.0,48,83.4
Wonhyoung Park 2019,breast,BT-474,Osthole,50.0,48,48.9
Wonhyoung Park 2019,breast,BT-474,Osthole,100.0,48,41.7
Xinghua Zhou 2023,colon,HCT116,Osthole,25.0,24,95.2
Xinghua Zhou 2023,colon,HCT116,Osthole,50.0,24,90.7
Xinghua Zhou 2023,colon,HCT116,Osthole,100.0,24,85.1
Xinghua Zhou 2023,colon,HCT116,Osthole,200.0,24,76.0
Xinghua Zhou 2023,colon,HCT116,Osthole,25.0,48,85.6
Xinghua Zhou 2023,colon,HCT116,Osthole,50.0,48,74.4
Xinghua Zhou 2023,colon,HCT116,Osthole,100.0,48,64.8
Xinghua Zhou 2023,colon,HCT116,Osthole,200.0,48,54.6
Xinghua Zhou 2023,colon,HCT116,Osthole,25.0,72,72.1
Xinghua Zhou 2023,colon,HCT116,Osthole,50.0,72,52.4
Xinghua Zhou 2023,colon,HCT116,Osthole,100.0,72,34.9
Xinghua Zhou 2023,colon,HCT116,Osthole,200.0,72,25.9
Xinghua Zhou 2023,colon,SW480,Osthole,25.0,24,95.9
Xinghua Zhou 2023,colon,SW480,Osthole,50.0,24,84.7
Xinghua Zhou 2023,colon,SW480,Osthole,100.0,24,76.3
Xinghua Zhou 2023,colon,SW480,Osthole,200.0,24,58.9
Xinghua Zhou 2023,colon,SW480,Osthole,25.0,48,90.8
Xinghua Zhou 2023,colon,SW480,Osthole,50.0,48,69.5
Xinghua Zhou 2023,colon,SW480,Osthole,100.0,48,60.6
Xinghua Zhou 2023,colon,SW480,Osthole,200.0,48,43.7
Xinghua Zhou 2023,colon,SW480,Osthole,25.0,72,86.4
Xinghua Zhou 2023,colon,SW480,Osthole,50.0,72,61.1
Xinghua Zhou 2023,colon,SW480,Osthole,100.0,72,43.2
Xinghua Zhou 2023,colon,SW480,Osthole,200.0,72,35.9
Haitao Feng 2017,lung,A549,Osthole,5.0,48,96.6
Haitao Feng 2017,lung,A549,Osthole,10.0,48,92.9
Haitao Feng 2017,lung,A549,Osthole,20.0,48,89.3
Haitao Feng 2017,lung,A549,Osthole,40.0,48,76.5
Haitao Feng 2017,lung,A549,Osthole,80.0,48,44.9
XINGYANG ZHU 2017,cholangiocarcinoma,HCCC-9810,Osthole,25.0,24,93.2
XINGYANG ZHU 2017,cholangiocarcinoma,HCCC-9810,Osthole,50.0,24,84.3
XINGYANG ZHU 2017,cholangiocarcinoma,HCCC-9810,Osthole,100.0,24,76.6
XINGYANG ZHU 2017,cholangiocarcinoma,HCCC-9810,Osthole,150.0,24,67.7
XINGYANG ZHU 2017,cholangiocarcinoma,HCCC-9810,Osthole,200.0,24,43.4
XINGYANG ZHU 2017,cholangiocarcinoma,HCCC-9810,Osthole,25.0,48,90.6
XINGYANG ZHU 2017,cholangiocarcinoma,HCCC-9810,Osthole,50.0,48,83.0
XINGYANG ZHU 2017,cholangiocarcinoma,HCCC-9810,Osthole,100.0,48,72.7
XINGYANG ZHU 2017,cholangiocarcinoma,HCCC-9810,Osthole,150.0,48,61.3
XINGYANG ZHU 2017,cholangiocarcinoma,HCCC-9810,Osthole,200.0,48,29.4
XINGYANG ZHU 2017,cholangiocarcinoma,HCCC-9810,Osthole,25.0,72,84.3
XINGYANG ZHU 2017,cholangiocarcinoma,HCCC-9810,Osthole,50.0,72,74.0
XINGYANG ZHU 2017,cholangiocarcinoma,HCCC-9810,Osthole,100.0,72,67.7
XINGYANG ZHU 2017,cholangiocarcinoma,HCCC-9810,Osthole,150.0,72,52.3
XINGYANG ZHU 2017,cholangiocarcinoma,HCCC-9810,Osthole,200.0,72,20.4
XINGYANG ZHU 2017,cholangiocarcinoma,RBE,Osthole,25.0,24,94.5
XINGYANG ZHU 2017,cholangiocarcinoma,RBE,Osthole,50.0,24,86.8
XINGYANG ZHU 2017,cholangiocarcinoma,RBE,Osthole,100.0,24,76.6
XINGYANG ZHU 2017,cholangiocarcinoma,RBE,Osthole,150.0,24,68.9
XINGYANG ZHU 2017,cholangiocarcinoma,RBE,Osthole,200.0,24,51.1
XINGYANG ZHU 2017,cholangiocarcinoma,RBE,Osthole,25.0,48,93.2
XINGYANG ZHU 2017,cholangiocarcinoma,RBE,Osthole,50.0,48,81.7
XINGYANG ZHU 2017,cholangiocarcinoma,RBE,Osthole,100.0,48,72.8
XINGYANG ZHU 2017,cholangiocarcinoma,RBE,Osthole,150.0,48,62.6
XINGYANG ZHU 2017,cholangiocarcinoma,RBE,Osthole,200.0,48,26.8
XINGYANG ZHU 2017,cholangiocarcinoma,RBE,Osthole,25.0,72,88.1
XINGYANG ZHU 2017,cholangiocarcinoma,RBE,Osthole,50.0,72,80.4
XINGYANG ZHU 2017,cholangiocarcinoma,RBE,Osthole,100.0,72,68.9
XINGYANG ZHU 2017,cholangiocarcinoma,RBE,Osthole,150.0,72,48.5
XINGYANG ZHU 2017,cholangiocarcinoma,RBE,Osthole,200.0,72,17.9
Mengjie Huangfu 2020,cervical,Hela,Osthole,42.0,24,95.0
Mengjie Huangfu 2020,cervical,Hela,Osthole,81.0,24,86.0
Mengjie Huangfu 2020,cervical,Hela,Osthole,163.0,24,77.0
Mengjie Huangfu 2020,cervical,Hela,Osthole,320.0,24,48.0
Mengjie Huangfu 2020,cervical,Hela,Osthole,400.0,24,46.0
Mengjie Huangfu 2020,cervical,Hela,Osthole,480.0,24,43.0
Mengjie Huangfu 2020,cervical,Hela,Osthole,640.0,24,38.0
Mengjie Huangfu 2020,cervical,Hela,Osthole,42.0,48,85.0
Mengjie Huangfu 2020,cervical,Hela,Osthole,81.0,48,74.0
Mengjie Huangfu 2020,cervical,Hela,Osthole,163.0,48,50.0
Mengjie Huangfu 2020,cervical,Hela,Osthole,320.0,48,22.0
Mengjie Huangfu 2020,cervical,Hela,Osthole,400.0,48,21.0
Mengjie Huangfu 2020,cervical,Hela,Osthole,480.0,48,19.0
Mengjie Huangfu 2020,cervical,Hela,Osthole,640.0,48,19.0
Mengjie Huangfu 2020,cervical,Hela,Osthole,42.0,72,85.0
Mengjie Huangfu 2020,cervical,Hela,Osthole,81.0,72,58.0
Mengjie Huangfu 2020,cervical,Hela,Osthole,163.0,72,20.0
Mengjie Huangfu 2020,cervical,Hela,Osthole,320.0,72,18.0
Mengjie Huangfu 2020,cervical,Hela,Osthole,400.0,72,16.0
Mengjie Huangfu 2020,cervical,Hela,Osthole,480.0,72,15.0
Mengjie Huangfu 2020,cervical,Hela,Osthole,640.0,72,14.5
AGATA JARZAB 2014,medulloblastoma,RK33,Osthole,10.0,72,100.0
AGATA JARZAB 2014,medulloblastoma,RK33,Osthole,25.0,72,98.0
AGATA JARZAB 2014,medulloblastoma,RK33,Osthole,50.0,72,88.0
AGATA JARZAB 2014,medulloblastoma,RK33,Osthole,100.0,72,46.0
Juan Wang 2022,cervical,Hela,Osthole,40.0,12,92.0
Juan Wang 2022,cervical,Hela,Osthole,80.0,12,87.0
Juan Wang 2022,cervical,Hela,Osthole,160.0,12,80.0
Juan Wang 2022,cervical,Hela,Osthole,200.0,12,72.0
Juan Wang 2022,cervical,Hela,Osthole,240.0,12,68.0
Juan Wang 2022,cervical,Hela,Osthole,320.0,12,62.0
Juan Wang 2022,cervical,Hela,Osthole,400.0,12,58.0
Juan Wang 2022,cervical,Hela,Osthole,480.0,12,51.0
Juan Wang 2022,cervical,Hela,Osthole,640.0,12,47.0
Juan Wang 2022,cervical,Hela,Osthole,40.0,18,87.0
Juan Wang 2022,cervical,Hela,Osthole,80.0,18,75.0
Juan Wang 2022,cervical,Hela,Osthole,160.0,18,64.0
Juan Wang 2022,cervical,Hela,Osthole,200.0,18,59.0
Juan Wang 2022,cervical,Hela,Osthole,240.0,18,55.0
Juan Wang 2022,cervical,Hela,Osthole,320.0,18,50.0
Juan Wang 2022,cervical,Hela,Osthole,400.0,18,45.0
Juan Wang 2022,cervical,Hela,Osthole,480.0,18,41.0
Juan Wang 2022,cervical,Hela,Osthole,640.0,18,37.0
Juan Wang 2022,cervical,Hela,Osthole,40.0,24,78.0
Juan Wang 2022,cervical,Hela,Osthole,80.0,24,63.0
Juan Wang 2022,cervical,Hela,Osthole,160.0,24,53.0
Juan Wang 2022,cervical,Hela,Osthole,200.0,24,43.0
Juan Wang 2022,cervical,Hela,Osthole,240.0,24,41.0
Juan Wang 2022,cervical,Hela,Osthole,320.0,24,38.0
Juan Wang 2022,cervical,Hela,Osthole,400.0,24,36.0
Juan Wang 2022,cervical,Hela,Osthole,480.0,24,31.0
Juan Wang 2022,cervical,Hela,Osthole,640.0,24,29.0
Pei Ying Liu 2017,nasopharyngeal,NPC-039,Osthole,10.0,24,96.0
Pei Ying Liu 2017,nasopharyngeal,NPC-039,Osthole,20.0,24,87.0
Pei Ying Liu 2017,nasopharyngeal,NPC-039,Osthole,40.0,24,90.0
Pei Ying Liu 2017,nasopharyngeal,NPC-039,Osthole,80.0,24,83.0
Pei Ying Liu 2017,nasopharyngeal,NPC-039,Osthole,10.0,48,96.0
Pei Ying Liu 2017,nasopharyngeal,NPC-039,Osthole,20.0,48,89.0
Pei Ying Liu 2017,nasopharyngeal,NPC-039,Osthole,40.0,48,67.0
Pei Ying Liu 2017,nasopharyngeal,NPC-039,Osthole,80.0,48,46.0
Pei Ying Liu 2017,nasopharyngeal,NPC-039,Osthole,10.0,72,101.0
Pei Ying Liu 2017,nasopharyngeal,NPC-039,Osthole,20.0,72,87.0
Pei Ying Liu 2017,nasopharyngeal,NPC-039,Osthole,40.0,72,53.0
Pei Ying Liu 2017,nasopharyngeal,NPC-039,Osthole,80.0,72,39.0
Pei Ying Liu 2017,nasopharyngeal,NPC-BM,Osthole,10.0,24,92.0
Pei Ying Liu 2017,nasopharyngeal,NPC-BM,Osthole,20.0,24,82.0
Pei Ying Liu 2017,nasopharyngeal,NPC-BM,Osthole,40.0,24,77.0
Pei Ying Liu 2017,nasopharyngeal,NPC-BM,Osthole,80.0,24,67.0
Pei Ying Liu 2017,nasopharyngeal,NPC-BM,Osthole,10.0,48,87.0
Pei Ying Liu 2017,nasopharyngeal,NPC-BM,Osthole,20.0,48,71.0
Pei Ying Liu 2017,nasopharyngeal,NPC-BM,Osthole,40.0,48,50.0
Pei Ying Liu 2017,nasopharyngeal,NPC-BM,Osthole,80.0,48,47.0
Pei Ying Liu 2017,nasopharyngeal,NPC-BM,Osthole,10.0,72,80.0
Pei Ying Liu 2017,nasopharyngeal,NPC-BM,Osthole,20.0,72,36.0
Pei Ying Liu 2017,nasopharyngeal,NPC-BM,Osthole,40.0,72,14.0
Pei Ying Liu 2017,nasopharyngeal,NPC-BM,Osthole,80.0,72,13.0
Lurong Zhang 2012,liver,SK-HP-1,Osthole,20.5,48,97.5
Lurong Zhang 2012,liver,SK-HP-1,Osthole,41.0,48,94.4
Lurong Zhang 2012,liver,SK-HP-1,Osthole,82.0,48,86.0
Lurong Zhang 2012,liver,SK-HP-1,Osthole,123.0,48,69.0
Lurong Zhang 2012,liver,SK-HP-1,Osthole,164.0,48,58.0
Lurong Zhang 2012,liver,SK-HP-1,Osthole,205.0,48,44.0
Lurong Zhang 2012,liver,SMMC-7721,Osthole,20.5,48,97.0
Lurong Zhang 2012,liver,SMMC-7721,Osthole,41.0,48,95.0
Lurong Zhang 2012,liver,SMMC-7721,Osthole,82.0,48,82.0
Lurong Zhang 2012,liver,SMMC-7721,Osthole,123.0,48,66.0
Lurong Zhang 2012,liver,SMMC-7721,Osthole,164.0,48,45.0
Lurong Zhang 2012,liver,SMMC-7721,Osthole,205.0,48,37.0
Lurong Zhang 2012,liver,SMMC-7721,Osthole,20.5,24,100.0
Lurong Zhang 2012,liver,SMMC-7721,Osthole,41.0,24,98.3
Lurong Zhang 2012,liver,SMMC-7721,Osthole,82.0,24,96.2
Lurong Zhang 2012,liver,SMMC-7721,Osthole,123.0,24,81.7
Lurong Zhang 2012,liver,SMMC-7721,Osthole,164.0,24,79.0
Lurong Zhang 2012,liver,SMMC-7721,Osthole,205.0,24,65.0
Lurong Zhang 2012,liver,SMMC-7721,Osthole,20.5,72,76.0
Lurong Zhang 2012,liver,SMMC-7721,Osthole,41.0,72,67.0
Lurong Zhang 2012,liver,SMMC-7721,Osthole,82.0,72,44.2
Lurong Zhang 2012,liver,SMMC-7721,Osthole,123.0,72,12.8
Lurong Zhang 2012,liver,SMMC-7721,Osthole,164.0,72,10.0
Lurong Zhang 2012,liver,SMMC-7721,Osthole,205.0,72,8.0
Lurong Zhang 2012,liver,HepG-2,Osthole,20.5,48,96.0
Lurong Zhang 2012,liver,HepG-2,Osthole,41.0,48,86.5
Lurong Zhang 2012,liver,HepG-2,Osthole,82.0,48,73.6
Lurong Zhang 2012,liver,HepG-2,Osthole,123.0,48,62.0
Lurong Zhang 2012,liver,HepG-2,Osthole,164.0,48,50.0
Lurong Zhang 2012,liver,HepG-2,Osthole,205.0,48,36.0
Lintao Wang 2015,breast,MDA-MB 435,Osthole,20.0,24,96.1
Lintao Wang 2015,breast,MDA-MB 435,Osthole,40.0,24,94.1
Lintao Wang 2015,breast,MDA-MB 435,Osthole,60.0,24,92.8
Lintao Wang 2015,breast,MDA-MB 435,Osthole,80.0,24,82.0
Lintao Wang 2015,breast,MDA-MB 435,Osthole,100.0,24,76.0
Lintao Wang 2015,breast,MDA-MB 435,Osthole,20.0,36,93.1
Lintao Wang 2015,breast,MDA-MB 435,Osthole,40.0,36,89.3
Lintao Wang 2015,breast,MDA-MB 435,Osthole,60.0,36,84.8
Lintao Wang 2015,breast,MDA-MB 435,Osthole,80.0,36,80.5
Lintao Wang 2015,breast,MDA-MB 435,Osthole,100.0,36,62.3
Lintao Wang 2015,breast,MDA-MB 435,Osthole,20.0,48,92.3
Lintao Wang 2015,breast,MDA-MB 435,Osthole,40.0,48,87.5
Lintao Wang 2015,breast,MDA-MB 435,Osthole,60.0,48,79.8
Lintao Wang 2015,breast,MDA-MB 435,Osthole,80.0,48,64.5
Lintao Wang 2015,breast,MDA-MB 435,Osthole,100.0,48,44.9
Yue-qiang Chen 2022,breast,MDA-MB-231,Osthole,20.47,24,91.4
Yue-qiang Chen 2022,breast,MDA-MB-231,Osthole,40.94,24,82.8
Yue-qiang Chen 2022,breast,MDA-MB-231,Osthole,102.34,24,80.0
Yue-qiang Chen 2022,breast,MDA-MB-231,Osthole,20.47,48,66.6
Yue-qiang Chen 2022,breast,MDA-MB-231,Osthole,40.94,48,51.2
Yue-qiang Chen 2022,breast,MDA-MB-231,Osthole,102.34,48,41.0
Yue-qiang Chen 2022,breast,MDA-MB-231BO,Osthole,20.47,24,76.9
Yue-qiang Chen 2022,breast,MDA-MB-231BO,Osthole,40.94,24,76.9
Yue-qiang Chen 2022,breast,MDA-MB-231BO,Osthole,102.34,24,69.2
Yue-qiang Chen 2022,breast,MDA-MB-231BO,Osthole,20.47,48,62.9
Yue-qiang Chen 2022,breast,MDA-MB-231BO,Osthole,40.94,48,64.8
Yue-qiang Chen 2022,breast,MDA-MB-231BO,Osthole,102.34,48,50.0
Yue-qiang Chen 2022,breast,MCF-7,Osthole,20.47,24,94.1
Yue-qiang Chen 2022,breast,MCF-7,Osthole,40.94,24,88.2
Yue-qiang Chen 2022,breast,MCF-7,Osthole,102.34,24,82.3
Yue-qiang Chen 2022,breast,MCF-7,Osthole,20.47,48,97.6
Yue-qiang Chen 2022,breast,MCF-7,Osthole,40.94,48,92.8
Yue-qiang Chen 2022,breast,MCF-7,Osthole,102.34,48,88.0
Xing-Hua Zhou 2021,colon,HT‑29,Osthole,25.0,24,89.0
Xing-Hua Zhou 2021,colon,HT‑29,Osthole,50.0,24,76.0
Xing-Hua Zhou 2021,colon,HT‑29,Osthole,100.0,24,67.7
Xu Chao2014,liver,HepG2,Osthole,4.0,24,76.0
Xu Chao2014,liver,HepG2,Osthole,20.0,24,58.0
Xu Chao2014,liver,HepG2,Osthole,500.0,24,13.0
Xu Chao2014,liver,HepG2,Osthole,1000.0,24,5.0
Xu Chao2014,liver,HepG2,Osthole,4.0,48,66.0
Xu Chao2014,liver,HepG2,Osthole,20.0,48,40.0
Xu Chao2014,liver,HepG2,Osthole,500.0,48,5.0
Xu Chao2014,liver,HepG2,Osthole,1000.0,48,2.0
Xu Chao2014,liver,HepG2,Osthole,4.0,72,40.0
Xu Chao2014,liver,HepG2,Osthole,20.0,72,23.0
Xu Chao2014,liver,HepG2,Osthole,500.0,72,3.0
Xu Chao2014,liver,HepG2,Osthole,1000.0,72,2.0
Lei Liu 2017,renal,ACHN,Osthole,20.0,24,97.0
Lei Liu 2017,renal,ACHN,Osthole,40.0,24,94.0
Lei Liu 2017,renal,ACHN,Osthole,80.0,24,85.0
Lei Liu 2017,renal,ACHN,Osthole,120.0,24,64.0
Lei Liu 2017,renal,ACHN,Osthole,160.0,24,51.0
Lei Liu 2017,renal,ACHN,Osthole,200.0,24,43.0
Lei Liu 2017,renal,ACHN,Osthole,240.0,24,30.0
Lei Liu 2017,renal,ACHN,Osthole,20.0,48,96.0
Lei Liu 2017,renal,ACHN,Osthole,40.0,48,90.0
Lei Liu 2017,renal,ACHN,Osthole,80.0,48,65.0
Lei Liu 2017,renal,ACHN,Osthole,120.0,48,41.0
Lei Liu 2017,renal,ACHN,Osthole,160.0,48,37.0
Lei Liu 2017,renal,ACHN,Osthole,200.0,48,27.0
Lei Liu 2017,renal,ACHN,Osthole,240.0,48,17.0
Lei Liu 2017,renal,786-O,Osthole,20.0,24,96.0
Lei Liu 2017,renal,786-O,Osthole,40.0,24,92.0
Lei Liu 2017,renal,786-O,Osthole,80.0,24,78.0
Lei Liu 2017,renal,786-O,Osthole,120.0,24,62.0
Lei Liu 2017,renal,786-O,Osthole,160.0,24,54.0
Lei Liu 2017,renal,786-O,Osthole,200.0,24,45.0
Lei Liu 2017,renal,786-O,Osthole,240.0,24,38.0
Lei Liu 2017,renal,786-O,Osthole,20.0,48,94.0
Lei Liu 2017,renal,786-O,Osthole,40.0,48,78.0
Lei Liu 2017,renal,786-O,Osthole,80.0,48,65.0
Lei Liu 2017,renal,786-O,Osthole,120.0,48,50.0
Lei Liu 2017,renal,786-O,Osthole,160.0,48,40.0
Lei Liu 2017,renal,786-O,Osthole,200.0,48,26.0
Lei Liu 2017,renal,786-O,Osthole,240.0,48,18.0
Yiyi Ye 2013,breast,MDA-MB-231,Osthole,24.0,24,80.0
Yiyi Ye 2013,breast,MDA-MB-231,Osthole,27.0,24,66.0
Yiyi Ye 2013,breast,MDA-MB-231,Osthole,37.0,24,50.0
Yiyi Ye 2013,breast,MDA-MB-231,Osthole,53.0,24,8.0
Yiyi Ye 2013,breast,MDA-MB-231,Osthole,84.0,24,7.0
Sugai Yin 2021,cervical,HeLa,Osthole,409.37,24,86.5
Sugai Yin 2021,cervical,HeLa,Osthole,818.73,24,65.25
Sugai Yin 2021,cervical,HeLa,Osthole,1637.47,24,45.75
Sugai Yin 2021,cervical,HeLa,Osthole,409.37,48,61.0
Sugai Yin 2021,cervical,HeLa,Osthole,818.73,48,41.5
Sugai Yin 2021,cervical,HeLa,Osthole,1637.47,48,23.0
Sugai Yin 2021,cervical,HeLa,Osthole,409.37,72,41.0
Sugai Yin 2021,cervical,HeLa,Osthole,818.73,72,23.0
Sugai Yin 2021,cervical,HeLa,Osthole,1637.47,72,10.0
Lu Wang 2016,bone,MG-63,Osthole,25.0,12,80.0
Lu Wang 2016,bone,MG-63,Osthole,50.0,12,62.0
Lu Wang 2016,bone,MG-63,Osthole,100.0,12,43.0
Lu Wang 2016,bone,MG-63,Osthole,150.0,12,38.0
Lu Wang 2016,bone,MG-63,Osthole,200.0,12,36.0
Lu Wang 2016,bone,MG-63,Osthole,25.0,24,78.0
Lu Wang 2016,bone,MG-63,Osthole,50.0,24,60.0
Lu Wang 2016,bone,MG-63,Osthole,100.0,24,43.0
Lu Wang 2016,bone,MG-63,Osthole,150.0,24,34.0
Lu Wang 2016,bone,MG-63,Osthole,200.0,24,32.0
Lu Wang 2016,bone,MG-63,Osthole,25.0,48,88.0
Lu Wang 2016,bone,MG-63,Osthole,50.0,48,57.0
Lu Wang 2016,bone,MG-63,Osthole,100.0,48,37.0
Lu Wang 2016,bone,MG-63,Osthole,150.0,48,31.0
Lu Wang 2016,bone,MG-63,Osthole,200.0,48,23.0
Lu Wang 2016,bone,SaOS-2,Osthole,25.0,12,88.0
Lu Wang 2016,bone,SaOS-2,Osthole,50.0,12,70.0
Lu Wang 2016,bone,SaOS-2,Osthole,100.0,12,60.0
Lu Wang 2016,bone,SaOS-2,Osthole,150.0,12,52.0
Lu Wang 2016,bone,SaOS-2,Osthole,200.0,12,30.0
Lu Wang 2016,bone,SaOS-2,Osthole,25.0,24,60.0
Lu Wang 2016,bone,SaOS-2,Osthole,50.0,24,43.0
Lu Wang 2016,bone,SaOS-2,Osthole,100.0,24,33.0
Lu Wang 2016,bone,SaOS-2,Osthole,150.0,24,30.0
Lu Wang 2016,bone,SaOS-2,Osthole,200.0,24,36.0
Lu Wang 2016,bone,SaOS-2,Osthole,25.0,48,62.0
Lu Wang 2016,bone,SaOS-2,Osthole,50.0,48,38.0
Lu Wang 2016,bone,SaOS-2,Osthole,100.0,48,26.0
Lu Wang 2016,bone,SaOS-2,Osthole,150.0,48,23.0
Lu Wang 2016,bone,SaOS-2,Osthole,200.0,48,18.0
Yalda Shokoohinia 2014,prostate,PC3,Osthole,3.0,24,89.0
Yalda Shokoohinia 2014,prostate,PC3,Osthole,15.0,24,73.0
Yalda Shokoohinia 2014,prostate,PC3,Osthole,30.0,24,64.0
Yalda Shokoohinia 2014,prostate,PC3,Osthole,60.0,24,56.0
Yalda Shokoohinia 2014,prostate,PC3,Osthole,120.0,24,58.0
Yalda Shokoohinia 2014,prostate,PC3,Osthole,240.0,24,55.0
Yalda Shokoohinia 2014,prostate,PC3,Osthole,300.0,24,47.0
Yalda Shokoohinia 2014,lung,H1299,Osthole,3.0,24,114.0
Yalda Shokoohinia 2014,lung,H1299,Osthole,15.0,24,107.0
Yalda Shokoohinia 2014,lung,H1299,Osthole,30.0,24,104.0
Yalda Shokoohinia 2014,lung,H1299,Osthole,60.0,24,70.0
Yalda Shokoohinia 2014,lung,H1299,Osthole,120.0,24,66.0
Yalda Shokoohinia 2014,lung,H1299,Osthole,240.0,24,64.0
Yalda Shokoohinia 2014,lung,H1299,Osthole,300.0,24,58.0
Jing Liang 2020,ovarian,A2780,Osthole,10.0,24,88.0
Jing Liang 2020,ovarian,A2780,Osthole,20.0,24,82.0
Jing Liang 2020,ovarian,A2780,Osthole,30.0,24,77.0
Jing Liang 2020,ovarian,A2780,Osthole,40.0,24,75.0
Jing Liang 2020,ovarian,A2780,Osthole,50.0,24,66.0
Jing Liang 2020,ovarian,A2780,Osthole,60.0,24,57.0
Jing Liang 2020,ovarian,A2780,Osthole,70.0,24,54.0
Jing Liang 2020,ovarian,A2780,Osthole,80.0,24,34.0
Jing Liang 2020,ovarian,OVCAR3,Osthole,10.0,24,81.0
Jing Liang 2020,ovarian,OVCAR3,Osthole,20.0,24,65.0
Jing Liang 2020,ovarian,OVCAR3,Osthole,30.0,24,64.0
Jing Liang 2020,ovarian,OVCAR3,Osthole,40.0,24,59.0
Jing Liang 2020,ovarian,OVCAR3,Osthole,50.0,24,56.0
Jing Liang 2020,ovarian,OVCAR3,Osthole,60.0,24,47.0
Jing Liang 2020,ovarian,OVCAR3,Osthole,70.0,24,47.0
Jing Liang 2020,ovarian,OVCAR3,Osthole,80.0,24,40.0
Hui Huang 2022,liver,HCC-LM3,Osthole,1.0,24,95.0
Hui Huang 2022,liver,HCC-LM3,Osthole,3.0,24,85.0
Hui Huang 2022,liver,HCC-LM3,Osthole,10.0,24,71.0
Hui Huang 2022,liver,HCC-LM3,Osthole,30.0,24,60.0
Hui Huang 2022,liver,HCC-LM3,Osthole,1.0,48,92.0
Hui Huang 2022,liver,HCC-LM3,Osthole,3.0,48,75.0
Hui Huang 2022,liver,HCC-LM3,Osthole,10.0,48,68.0
Hui Huang 2022,liver,HCC-LM3,Osthole,30.0,48,59.0
JIA Min2016,bone,SaOS-2,Osthole,0.0,24,105.0
JIA Min2016,bone,SaOS-2,Osthole,0.01,24,110.0
JIA Min2016,bone,SaOS-2,Osthole,0.1,24,111.0
JIA Min2016,bone,SaOS-2,Osthole,1.0,24,107.0
JIA Min2016,bone,SaOS-2,Osthole,10.0,24,104.0
JIA Min2016,bone,SaOS-2,Osthole,0.0,48,109.0
JIA Min2016,bone,SaOS-2,Osthole,0.01,48,115.0
JIA Min2016,bone,SaOS-2,Osthole,0.1,48,117.0
JIA Min2016,bone,SaOS-2,Osthole,1.0,48,112.0
JIA Min2016,bone,SaOS-2,Osthole,10.0,48,110.0
Yinlan Xu 2025,lung,A549,Osthole,20.47,24,98.0
Yinlan Xu 2025,lung,A549,Osthole,40.94,24,88.0
Yinlan Xu 2025,lung,A549,Osthole,81.87,24,86.0
Yinlan Xu 2025,lung,A549,Osthole,20.47,48,96.0
Yinlan Xu 2025,lung,A549,Osthole,40.94,48,90.0
Yinlan Xu 2025,lung,A549,Osthole,81.87,48,83.0
Yinlan Xu 2025,lung,A549,Osthole,20.47,72,94.0
Yinlan Xu 2025,lung,A549,Osthole,40.94,72,83.0
Yinlan Xu 2025,lung,A549,Osthole,81.87,72,77.0
 Linjun Yan 2025,prostate,Du145,Osthole,50.0,48,48.0
 Linjun Yan 2025,prostate,Du145,Osthole,100.0,48,41.0
 Linjun Yan 2025,prostate,Du145,Osthole,150.0,48,40.0
 Linjun Yan 2025,prostate,Du145,Osthole,200.0,48,36.0
 Linjun Yan 2025,prostate,Du145,Osthole,300.0,48,1.0
 Linjun Yan 2025,prostate,Du145,Osthole,400.0,48,0.0
 Linjun Yan 2025,prostate,Du145,Osthole,500.0,48,0.0
 Linjun Yan 2025,prostate,PC3,Osthole,50.0,48,85.0
 Linjun Yan 2025,prostate,PC3,Osthole,100.0,48,83.0
 Linjun Yan 2025,prostate,PC3,Osthole,150.0,48,75.0
 Linjun Yan 2025,prostate,PC3,Osthole,200.0,48,60.0
 Linjun Yan 2025,prostate,PC3,Osthole,300.0,48,55.0
 Linjun Yan 2025,prostate,PC3,Osthole,400.0,48,18.0
 Linjun Yan 2025,prostate,PC3,Osthole,500.0,48,0.0
 Linjun Yan 2025,prostate,22RV1,Osthole,50.0,48,89.0
 Linjun Yan 2025,prostate,22RV1,Osthole,100.0,48,89.0
 Linjun Yan 2025,prostate,22RV1,Osthole,150.0,48,84.0
 Linjun Yan 2025,prostate,22RV1,Osthole,200.0,48,68.0
 Linjun Yan 2025,prostate,22RV1,Osthole,300.0,48,66.0
 Linjun Yan 2025,prostate,22RV1,Osthole,400.0,48,45.0
 Linjun Yan 2025,prostate,22RV1,Osthole,500.0,48,6.0
Yinlan Xu2025,lung,A549,Osthole,81.87,12,90.0
Yinlan Xu2025,lung,A549,Osthole,40.94,12,94.0
Yinlan Xu2025,lung,A549,Osthole,20.47,12,102.0
Yinlan Xu2025,lung,A549,Osthole,10.23,12,110.0
Yinlan Xu2025,lung,A549,Osthole,5.12,12,119.0
Yinlan Xu2025,lung,A549,Osthole,81.87,24,80.0
Yinlan Xu2025,lung,A549,Osthole,40.94,24,84.0
Yinlan Xu2025,lung,A549,Osthole,20.47,24,89.0
Yinlan Xu2025,lung,A549,Osthole,10.23,24,90.0
Yinlan Xu2025,lung,A549,Osthole,5.12,24,96.0
Yinlan Xu2025,lung,A549,Osthole,81.87,36,80.0
Yinlan Xu2025,lung,A549,Osthole,40.94,36,89.0
Yinlan Xu2025,lung,A549,Osthole,20.47,36,96.0
Yinlan Xu2025,lung,A549,Osthole,10.23,36,106.0
Yinlan Xu2025,lung,A549,Osthole,5.12,36,105.0
Yinlan Xu2025,lung,A549,Osthole,81.87,48,71.0
Yinlan Xu2025,lung,A549,Osthole,40.94,48,93.0
Yinlan Xu2025,lung,A549,Osthole,20.47,48,97.0
Yinlan Xu2025,lung,A549,Osthole,10.23,48,97.0
Yinlan Xu2025,lung,A549,Osthole,5.12,48,96.0
Yinlan Xu2025,lung,A549,Osthole,81.87,60,65.0
Yinlan Xu2025,lung,A549,Osthole,40.94,60,85.0
Yinlan Xu2025,lung,A549,Osthole,20.47,60,94.0
Yinlan Xu2025,lung,A549,Osthole,10.23,60,92.0
Yinlan Xu2025,lung,A549,Osthole,5.12,60,97.0
Yinlan Xu2025,lung,A549,Osthole,81.87,72,67.0
Yinlan Xu2025,lung,A549,Osthole,40.94,72,94.0
Yinlan Xu2025,lung,A549,Osthole,20.47,72,100.0
Yinlan Xu2025,lung,A549,Osthole,10.23,72,99.0
Yinlan Xu2025,lung,A549,Osthole,5.12,72,99.0
Tian Le Zou 2019,gallbladder,NOZ,Osthole,25.0,24,97.0
Tian Le Zou 2019,gallbladder,NOZ,Osthole,50.0,24,93.0
Tian Le Zou 2019,gallbladder,NOZ,Osthole,100.0,24,74.0
Tian Le Zou 2019,gallbladder,NOZ,Osthole,150.0,24,49.0
Tian Le Zou 2019,gallbladder,NOZ,Osthole,200.0,24,32.0
Tian Le Zou 2019,gallbladder,NOZ,Osthole,25.0,48,91.0
Tian Le Zou 2019,gallbladder,NOZ,Osthole,50.0,48,76.0
Tian Le Zou 2019,gallbladder,NOZ,Osthole,100.0,48,46.0
Tian Le Zou 2019,gallbladder,NOZ,Osthole,150.0,48,31.0
Tian Le Zou 2019,gallbladder,NOZ,Osthole,200.0,48,12.0
Tian Le Zou 2019,gallbladder,NOZ,Osthole,25.0,72,83.0
Tian Le Zou 2019,gallbladder,NOZ,Osthole,50.0,72,60.0
Tian Le Zou 2019,gallbladder,NOZ,Osthole,100.0,72,25.0
Tian Le Zou 2019,gallbladder,NOZ,Osthole,150.0,72,14.0
Tian Le Zou 2019,gallbladder,NOZ,Osthole,200.0,72,6.0
Tian Le Zou 2019,gallbladder,SGC-996,Osthole,25.0,24,95.0
Tian Le Zou 2019,gallbladder,SGC-996,Osthole,50.0,24,96.0
Tian Le Zou 2019,gallbladder,SGC-996,Osthole,100.0,24,84.0
Tian Le Zou 2019,gallbladder,SGC-996,Osthole,150.0,24,71.0
Tian Le Zou 2019,gallbladder,SGC-996,Osthole,200.0,24,29.0
Tian Le Zou 2019,gallbladder,SGC-996,Osthole,25.0,48,96.0
Tian Le Zou 2019,gallbladder,SGC-996,Osthole,50.0,48,95.0
Tian Le Zou 2019,gallbladder,SGC-996,Osthole,100.0,48,74.0
Tian Le Zou 2019,gallbladder,SGC-996,Osthole,150.0,48,60.0
Tian Le Zou 2019,gallbladder,SGC-996,Osthole,200.0,48,18.0
Tian Le Zou 2019,gallbladder,SGC-996,Osthole,25.0,72,92.0
Tian Le Zou 2019,gallbladder,SGC-996,Osthole,50.0,72,88.0
Tian Le Zou 2019,gallbladder,SGC-996,Osthole,100.0,72,54.0
Tian Le Zou 2019,gallbladder,SGC-996,Osthole,150.0,72,43.0
Tian Le Zou 2019,gallbladder,SGC-996,Osthole,200.0,72,8.0
